clean_name,last_win_rating,ST_win_rate,HV_win_rate,ST_vs_HV_pref,AWT_win_rate,Turf_win_rate,AWT_vs_Turf_pref,last_form_going,recent_avg_pos,recent_win_rate,last_run_date,last_race_class_int,last_horse_rating,last_gear,distance_win_rate,prev_run_vet_finding,horse_code,avg_first_pos,gear_win_rate,has_overseas_form,winning_gears,gallops_30d,trots_30d,swims_30d,last_workout_date,last_workout_type,last_workout_detail,is_in_conghua,latest_body_weight
A TIME FOR US,,0.0,0.0,Neutral,0.0,0.0,Neutral,GOOD,7.0,0.0,2026-07-04,4.0,54.0,B/TT,0.0,0.0,K475,6.0,0.0,1.0,[],6.0,27.0,29.0,14/09/2026,Gallop,31.5 25.9 (57.4) (R.B.),0.0,
AASHIQ,34.0,0.0625,0.0,Sha Tin,0.0,0.0588235294117647,Turf,GOOD TO FIRM,7.25,0.0,2005-07-24,5.0,35.0,PC/TT,0.0,1.0,K175,,,1.0,,6.0,27.0,0.0,24/09/2026,Gallop,28.5 23.9 (52.4) (R.B.) Partner Horse,0.0,
ABLE DRAGON,,,,,,,,,,,,,,,,0.0,J308,,,1.0,,3.0,24.0,18.0,25/09/2026,Gallop,33.2 27.6 (1.00.8) (R.B.),0.0,
ABLE MAGIC,,0.0,0.0,Neutral,0.0,0.0,Neutral,GOOD TO YIELDING,8.0,0.0,2002-09-01,3.0,60.0,--,0.0,0.0,L290,,,1.0,,0.0,0.0,0.0,14/09/2026,Trotting,SmT 2 Round - Rev Fast (R.B.),0.0,
ABLE ONE,,0.0,0.0,Neutral,0.0,0.0,Neutral,Unknown,8.25,0.0,2005-05-29,5.0,42.0,B,0.0,0.0,G108,,,1.0,,0.0,0.0,0.0,,,,0.0,
ABLE SPEED,60.0,0.1666666666666666,0.0,Sha Tin,0.2352941176470588,0.0,AWT,GOOD,11.0,0.0,2002-11-27,3.0,60.0,--,0.0,0.0,K210,,,1.0,,0.0,0.0,0.0,,,,0.0,
ABSOLUTE AWAKENED,47.0,0.0,0.125,Happy Valley,0.0,0.0833333333333333,TURF,GOOD,7.5,0.0,2026-06-10,4.0,50.0,H-/TT-,0.125,0.0,K039,7.636363636363637,0.0,1.0,['H/TT'],7.0,24.0,29.0,12/09/2026,Trotting,SmT 1 Round - Fast (R.B.),0.0,
ABSOLUTE HEDGE,,0.0,0.0,Neutral,0.0,0.0,Neutral,Unknown,13.333333333333334,0.0,2005-03-02,4.0,44.0,B/TT,0.0,1.0,L032,,,1.0,,4.0,31.0,1.0,25/09/2026,Trotting,SmT 1 Round - Fast (R.B.),0.0,
ACE,48.0,0.1666666666666666,0.0,Sha Tin,0.0,0.1666666666666666,TURF,GOOD,5.5,0.25,2026-07-01,4.0,54.0,B/TT,0.2,0.0,K307,7.25,0.0,1.0,"['B1/TT', 'BO-/TT']",7.0,22.0,29.0,12/09/2026,Trotting,SmT 1 Round - Fast (R.B.),0.0,
ACE CHAMPION,,0.0,0.0,Neutral,0.0,0.0,Neutral,GOOD TO FIRM,6.75,0.0,2026-06-24,4.0,64.0,CP1/TT,0.0,0.0,K379,8.5,0.0,1.0,[],,,,,,,,
ADMIRATION,39.0,0.0,0.125,Happy Valley,0.0,0.0869565217391304,Turf,GOOD,9.0,0.0,2005-08-03,5.0,39.0,B,0.05,0.0,L216,,,1.0,,7.0,30.0,30.0,12/09/2026,Trotting,SmT 1 Round - Fast (R.B.),0.0,
AERIS NOVA,,,,,,,,,,,,,,,,0.0,J534,,,1.0,,4.0,28.0,0.0,25/09/2026,Trotting,SmT 1 Round - Fast (R.B.),0.0,
AEROINVINCIBLE,,,,,,,,,,,,,,,,0.0,J180,,,1.0,,5.0,26.0,27.0,25/09/2026,Trotting,SmT 1 Round - Fast (R.B.),0.0,
AEROVOLANIC,64.0,0.1666666666666666,0.0,Sha Tin,0.0,0.1666666666666666,TURF,YIELDING,6.0,0.0,2026-07-12,4.0,73.0,CP,0.0,0.0,K400,5.090909090909091,0.1666666666666666,1.0,['CP'],7.0,27.0,29.0,12/09/2026,Trotting,SmT 1 Round - Fast (R.B.),0.0,
AFFLUENCE OF RAIN,,0.0,0.0,Neutral,0.0,0.0,Neutral,Unknown,9.25,0.0,2000-07-09,4.0,60.0,--,0.0,0.0,L363,,,1.0,,4.0,15.0,6.0,24/09/2026,Aqua Walker,nan,0.0,
AIPODER IMAGE,60.0,0.0909090909090909,0.1,Happy Valley,0.0,0.1034482758620689,Turf,GOOD,6.25,0.0,2002-06-04,3.0,60.0,--,0.0,0.0,J031,,,1.0,,0.0,0.0,0.0,,,,0.0,
ALGARVE,60.0,0.1363636363636363,0.1,Sha Tin,0.0,0.1290322580645161,Turf,GOOD,8.25,0.0,2001-03-21,4.0,60.0,--,0.0,0.0,K239,,,1.0,,2.0,22.0,10.0,25/09/2026,Trotting,SmT 2 Round - Fast (R.B.),0.0,
ALICE TOO,60.0,0.1304347826086956,0.0,Sha Tin,0.1666666666666666,0.0909090909090909,AWT,GOOD,8.0,0.25,2001-03-04,4.0,60.0,--,0.0,0.0,G309,,,1.0,,0.0,0.0,0.0,,,,0.0,
ALL OUT FOR SIX,,0.0,0.0,Neutral,0.0,0.0,Neutral,Unknown,5.5,0.0,2026-07-04,4.0,74.0,,0.0,0.0,L193,4.166666666666667,0.0,1.0,[],4.0,27.0,15.0,25/09/2026,Trotting,SmT 2 Round - Fast (R.B.),0.0,
ALL ROUND WINNER,59.0,0.1666666666666666,0.1666666666666666,Neutral,0.0,0.1818181818181818,TURF,GOOD TO FIRM,6.0,0.0,2026-06-27,4.0,64.0,B,0.1428571428571428,0.0,K382,6.666666666666667,0.1111111111111111,1.0,"['B', 'CP-/B1']",7.0,24.0,29.0,14/09/2026,Gallop,29.0 26.4 (55.4) (R Kingscote),0.0,
ALL THE WINNERS,,,,,,,,,,,,,,,,0.0,L019,,,1.0,,4.0,25.0,12.0,25/09/2026,Trotting,SmT 2 Round - Fast (R.B.),0.0,
ALL'S WELL,,,,,,,,,,,,,,,,1.0,K294,,,1.0,,7.0,26.0,26.0,25/09/2026,Trotting,SmT 1 Round - Fast (R.B.),0.0,
ALPHA STRIKE,64.0,0.1666666666666666,0.0,Sha Tin,0.0,0.1666666666666666,TURF,GOOD TO FIRM,7.5,0.0,2026-05-09,4.0,69.0,H/XB1/TT,0.25,0.0,L019,3.333333333333333,0.0,1.0,['TT1'],6.0,27.0,14.0,12/09/2026,Gallop,33.0 (33.0) (R.B.),0.0,
ALWAYS FLUKE,,0.0,0.0,Neutral,0.0,0.0,Neutral,GOOD,4.0,0.0,2026-09-09,4.0,35.0,B/H/TT,0.0,0.0,H252,5.5,0.0,1.0,[],5.0,21.0,27.0,25/09/2026,Trotting,SmT 1 Round - Fast (R.B.),0.0,
ALWAYS MY FOLKS,31.0,0.0,0.0909090909090909,Happy Valley,0.0,0.0833333333333333,TURF,GOOD,5.75,0.25,2026-07-08,4.0,38.0,B/TT,0.25,0.0,J345,3.75,0.2,1.0,['B/TT'],7.0,30.0,29.0,14/09/2026,Gallop,27.9 24.8 (52.7) (Z Purton),0.0,
AMAZING GAZE,,0.0,0.0,Neutral,0.0,0.0,Neutral,GOOD,6.5,0.0,2026-06-13,4.0,48.0,B,0.0,0.0,K444,6.083333333333333,0.0,1.0,[],,,,,,,,
AMAZING PARTNERS,,,,,,,,,,,,,,,,0.0,K554,,,1.0,,5.0,27.0,28.0,25/09/2026,Trotting,SmT 1 Round - Fast (R.B.),0.0,
ANODE,57.0,0.0909090909090909,0.0,Sha Tin,0.0,0.0833333333333333,TURF,GOOD,7.5,0.25,2026-06-27,4.0,57.0,B/TT,0.1666666666666666,0.0,K367,4.5,0.1111111111111111,1.0,['B/TT'],7.0,31.0,28.0,12/09/2026,Trotting,SmT 2 Round - Fast (E C W Wong),0.0,
ANOTHER ZONDA,60.0,0.0,0.2222222222222222,Happy Valley,0.0,0.2,TURF,GOOD,3.5,0.5,2026-07-08,4.0,60.0,B,0.25,1.0,K176,4.416666666666667,0.1666666666666666,1.0,['B'],,,,,,,,
APEX GLORY,,0.0,0.0,Neutral,0.0,0.0,Neutral,Unknown,11.333333333333334,0.0,2026-07-01,4.0,50.0,TT,0.0,0.0,L265,4.333333333333333,0.0,1.0,[],4.0,30.0,21.0,25/09/2026,Trotting,SmT 1 Round - Fast (R.B.),0.0,
AQUAMAN,,,,,,,,,,,,,,,,1.0,K523,,,1.0,,5.0,28.0,18.0,25/09/2026,Trotting,SmT 1 Round - Fast (R.B.),0.0,
ARMOR GOLDEN EAGLE,75.0,0.0,0.6,Happy Valley,0.0,0.3,TURF,GOOD TO FIRM,2.5,0.5,2026-06-03,4.0,82.0,B,0.0,0.0,K566,6.6,0.4285714285714285,1.0,['B'],7.0,23.0,0.0,14/09/2026,Gallop,32.2 27.5 25.7 (1.25.4) (A Atzeni),0.0,
ARMOUR WAR EAGLE,,0.0,0.0,Neutral,0.0,0.0,Neutral,GOOD,7.0,0.0,2026-07-15,4.0,60.0,CP/TT,0.0,1.0,J039,8.0,0.0,1.0,[],5.0,24.0,27.0,25/09/2026,Trotting,SmT 1 Round - Fast (R.B.),0.0,
AURIO,69.0,0.1666666666666666,0.1666666666666666,Neutral,0.0,0.1666666666666666,TURF,GOOD TO FIRM,4.25,0.0,2026-07-08,4.0,78.0,SR/TT,0.2,0.0,K056,8.727272727272727,0.1666666666666666,1.0,['SR/TT'],,,,,,,,
AURORA PATCH,71.0,0.2727272727272727,0.0,Sha Tin,0.1428571428571428,0.4,TURF,GOOD,4.25,0.0,2026-07-12,4.0,79.0,B/TT,0.25,0.0,K097,3.6666666666666665,0.0,1.0,['V/TT'],6.0,30.0,20.0,25/09/2026,Trotting,SmT 1 Round - Fast (A.T.),0.0,
AUTOMATED,,0.0,0.0,Neutral,0.0,0.0,Neutral,GOOD TO FIRM,6.25,0.0,2026-07-12,4.0,48.0,H-/TT,0.0,0.0,K177,8.7,0.0,1.0,[],4.0,25.0,13.0,12/09/2026,Trotting,SmT 1 Round - Fast (A.T.),0.0,
AUTUMN VIBES,,0.0,0.0,Neutral,0.0,0.0,Neutral,GOOD,6.5,0.0,2026-09-09,4.0,38.0,,0.0,0.0,K150,6.25,0.0,1.0,[],,,,,,,,
AWESOME FLUKE,84.0,0.0,0.25,Happy Valley,0.0,0.1666666666666666,TURF,GOOD TO FIRM,8.25,0.0,2026-07-08,4.0,88.0,P/TT,0.125,0.0,J050,4.0,0.1818181818181818,1.0,['P/TT'],9.0,30.0,29.0,14/09/2026,Trotting,SmT 2 Round - Rev Fast (R.B.),0.0,
BEAUTY CRESCENT,,,,,,,,,,,,,,,,0.0,H334,,,1.0,,0.0,0.0,0.0,,,,0.0,
BEAUTY GEMINI,,0.0,0.0,Neutral,0.0,0.0,Neutral,Unknown,11.0,0.0,2026-09-06,4.0,40.0,TT,0.0,1.0,L129,4.833333333333333,0.0,1.0,[],4.0,29.0,29.0,14/09/2026,Trotting,SmT 2 Round - Rev Fast (R.B.),0.0,
BEAUTY MISSILE,39.0,0.1,0.5,Happy Valley,0.0,0.1818181818181818,TURF,GOOD TO FIRM,3.75,0.5,2026-07-12,4.0,39.0,V,0.6666666666666666,0.0,H123,8.583333333333334,0.5,1.0,['V'],7.0,29.0,6.0,12/09/2026,Trotting,SmT 1 Round - Fast (R.B.),0.0,
BEAUTY SHOW,,0.0,0.0,Neutral,0.0,0.0,Neutral,GOOD,3.75,0.0,2026-07-08,4.0,53.0,CP,0.0,0.0,L260,1.2,0.0,1.0,[],,,,,,,,
BEAUTY VIVA,51.0,0.0,0.25,Happy Valley,0.0,0.0833333333333333,TURF,GOOD,8.5,0.0,2026-07-01,4.0,54.0,CP/TT,0.0,0.0,K155,11.083333333333334,0.0,1.0,['TT'],6.0,30.0,30.0,12/09/2026,Trotting,SmT 1 Round - Fast (R.B.),0.0,
BEST FARM,,0.0,0.0,Neutral,0.0,0.0,Neutral,Unknown,10.0,0.0,2026-07-04,4.0,46.0,,0.0,0.0,K579,7.0,0.0,1.0,[],5.0,31.0,23.0,12/09/2026,Trotting,SmT 1 Round - Fast (R.B.),0.0,
BETTER AND BETTER,42.0,0.0833333333333333,0.0,Sha Tin,0.0,0.0833333333333333,TURF,GOOD,4.25,0.0,2026-07-01,4.0,50.0,H/P/TT,0.0,0.0,K277,7.083333333333333,0.2,1.0,['H/P/TT'],7.0,30.0,29.0,12/09/2026,Trotting,SmT 1 Round - Fast (R.B.),0.0,
BIG BIG WORLD,,0.0,0.0,Neutral,0.0,0.0,Neutral,Unknown,12.0,0.0,2026-07-01,4.0,52.0,H/TT,0.0,0.0,L257,10.0,0.0,1.0,[],5.0,29.0,0.0,12/09/2026,Trotting,SmT 1 Round - Fast (R.B.),0.0,
BIG RETURN,57.0,0.3333333333333333,0.0,Sha Tin,0.0,0.2727272727272727,TURF,GOOD TO FIRM,1.75,0.5,2026-07-12,4.0,65.0,H/TT,0.6,0.0,K192,8.25,0.375,1.0,['H/TT'],5.0,23.0,26.0,25/09/2026,Trotting,SmT 1 Round - Fast (R.B.),0.0,
BITS SUPERSTAR,,0.0,0.0,Neutral,0.0,0.0,Neutral,GOOD,5.5,0.0,2026-06-24,4.0,49.0,,0.0,0.0,J362,4.0,0.0,1.0,[],,,,,,,,
BLUE BARON,,,,,,,,,,,,,,,,0.0,J448,,,1.0,,8.0,29.0,23.0,25/09/2026,Trotting,SmT 2 Round - Fast (R.B.),0.0,
BLUE ILLUSION,62.0,0.0,0.1111111111111111,Happy Valley,0.0,0.0909090909090909,TURF,GOOD,9.25,0.0,2026-07-08,4.0,60.0,B/TT,0.1111111111111111,0.0,K468,7.181818181818182,0.0,1.0,['B'],,,,,,,,
BRIGHT DAY,51.0,0.0,0.2,Happy Valley,0.0,0.0833333333333333,TURF,GOOD TO FIRM,4.0,0.25,2026-07-08,4.0,58.0,V/TT,0.1666666666666666,0.0,J530,7.25,0.0833333333333333,1.0,['V/TT'],6.0,31.0,24.0,14/09/2026,Trotting,SmT 1 Round - Rev Fast (A.T.),0.0,
BRIGHT MORTAR,48.0,0.25,0.0,Sha Tin,0.3333333333333333,0.0,AWT,WET FAST,5.0,0.25,2026-07-04,4.0,53.0,B/TT,0.3333333333333333,1.0,K333,9.4,0.0,1.0,['B/TT1'],5.0,29.0,30.0,25/09/2026,Trotting,SmT 1 Round - Fast (R.B.),0.0,
BUCEPHALAS,,,,,,,,,,,,,,,,1.0,K096,,,1.0,,6.0,29.0,5.0,25/09/2026,Trotting,SmT 1 Round - Fast (R.B.),0.0,
BUNTA BABY,62.0,0.0,0.3,Happy Valley,0.0,0.25,TURF,GOOD,3.25,0.25,2026-07-08,4.0,71.0,V/TT,0.375,1.0,J465,6.916666666666667,0.3,1.0,['V/TT'],6.0,31.0,23.0,14/09/2026,Trotting,SmT 1 Round - Rev Fast (R.B.),0.0,
BUSTLING CITY,,,,,,,,,,,,,,,,0.0,L210,,,1.0,,5.0,22.0,28.0,25/09/2026,Trotting,SmT 2 Round - Fast (R.B.),0.0,
CALIFORNIA BAY,46.0,0.1,0.0,Sha Tin,0.5,0.0,AWT,GOOD,6.25,0.25,2026-06-27,4.0,52.0,V/TT,0.2,0.0,K364,5.583333333333333,0.1428571428571428,1.0,['V/TT'],7.0,30.0,30.0,14/09/2026,Trotting,SmT 2 Round - Rev Fast (R.B.),0.0,
CALIFORNIA MOXIE,58.0,0.0,0.1666666666666666,Happy Valley,0.0,0.1666666666666666,TURF,GOOD,7.5,0.0,2026-09-09,4.0,57.0,B/TT,0.1666666666666666,0.0,J131,10.0,0.1666666666666666,1.0,['B/TT'],,,,,,,,
CALIFORNIA WAVES,,0.0,0.0,Neutral,0.0,0.0,Neutral,GOOD,6.25,0.0,2026-06-21,4.0,58.0,V/XB/TT,0.0,0.0,K477,8.083333333333334,0.0,1.0,[],6.0,29.0,0.0,12/09/2026,Trotting,SmT 1 Round - Fast (R.B.),0.0,
CALIFORNIATOTALITY,,0.0,0.0,Neutral,0.0,0.0,Neutral,GOOD TO FIRM,7.5,0.0,2026-07-12,4.0,90.0,B/TT,0.0,0.0,H418,3.636363636363636,0.0,1.0,[],7.0,30.0,30.0,14/09/2026,Trotting,SmT 2 Round - Rev Fast (R.B.),0.0,
CALL ME TOPSEED,,0.0,0.0,Neutral,0.0,0.0,Neutral,GOOD,7.25,0.0,2026-07-15,4.0,67.0,B/TT,0.0,0.0,K357,4.833333333333333,0.0,1.0,[],6.0,31.0,17.0,14/09/2026,Trotting,SmT 1 Round - Rev Fast (R.B.),0.0,
CAN'T GO WONG,,0.0,0.0,Neutral,0.0,0.0,Neutral,GOOD TO FIRM,5.25,0.0,2026-06-03,4.0,44.0,B/TT,0.0,0.0,H087,7.416666666666667,0.0,1.0,[],0.0,0.0,0.0,,,,0.0,
CANDLELIGHT DINNER,71.0,0.0,0.1818181818181818,Happy Valley,0.0,0.1666666666666666,TURF,GOOD,3.25,0.0,2026-07-08,4.0,77.0,H,0.2222222222222222,1.0,J468,2.333333333333333,0.1666666666666666,1.0,['H'],5.0,18.0,27.0,14/09/2026,Trotting,SmT 2 Round - Rev Fast (R.B.),0.0,
CASA OF HONOR,61.0,0.0,0.1666666666666666,Happy Valley,0.0,0.0833333333333333,TURF,GOOD TO FIRM,8.25,0.25,2026-07-08,4.0,67.0,XB,0.0909090909090909,1.0,K310,6.5,0.0,1.0,['H-/SR-/XB'],7.0,28.0,12.0,14/09/2026,Trotting,SmT 2 Round - Rev Fast (R.B.),0.0,
CASA ROCHESTER,57.0,0.0,0.0833333333333333,Happy Valley,0.0,0.0833333333333333,TURF,GOOD TO FIRM,5.0,0.0,2026-09-09,4.0,54.0,,0.1,1.0,J494,8.583333333333334,0.0,1.0,[],,,,,,,,
CAUSEWAY KING,,,,,,,,,,,,,,,,0.0,L196,,,1.0,,7.0,28.0,28.0,25/09/2026,Trotting,SmT 1 Round - Fast (R.B.),0.0,
CELESTIAL HERO,72.0,0.1,0.0,Sha Tin,0.0,0.0833333333333333,TURF,YIELDING,7.25,0.0,2026-06-07,4.0,73.0,CP,0.1,1.0,K363,8.25,0.125,1.0,['CP'],5.0,19.0,30.0,12/09/2026,Trotting,SmT 1 Round - Fast (R.B.),0.0,
CENTRAL BANK,,,,,,,,,,,,,,,,0.0,L222,,,1.0,,5.0,24.0,30.0,25/09/2026,Gallop,31.2 28.7 (59.9) (R.B.),0.0,
CHARMING BABE,60.0,0.0,0.1,Happy Valley,0.0,0.0909090909090909,TURF,GOOD TO FIRM,8.75,0.0,2026-05-13,4.0,58.0,B/BR,0.0909090909090909,0.0,J513,6.636363636363637,0.0,1.0,['BR'],6.0,31.0,28.0,12/09/2026,Trotting,SmT 1 Round - Fast (R.B.),0.0,
CHARMING LEGEND,,0.0,0.0,Neutral,0.0,0.0,Neutral,GOOD,8.5,0.0,2026-07-08,4.0,60.0,,0.0,1.0,K127,6.583333333333333,0.0,1.0,[],5.0,28.0,23.0,12/09/2026,Trotting,AWT 1 Round - Fast (R.B.),0.0,
CHEERFUL WONGCHOY,,0.0,0.0,Neutral,0.0,0.0,Neutral,Unknown,7.0,0.0,2026-07-01,4.0,44.0,H/PC,0.0,0.0,L045,8.333333333333334,0.0,1.0,[],5.0,17.0,26.0,12/09/2026,Trotting,SmT 1 Round - Fast (R.B.),0.0,
CHILL BUDDY,72.0,0.2,0.0,Sha Tin,0.0,0.1818181818181818,TURF,GOOD,3.75,0.5,2026-06-07,4.0,72.0,TT,0.2857142857142857,0.0,K469,4.9,0.3333333333333333,1.0,['TT'],6.0,28.0,29.0,12/09/2026,Trotting,SmT 1 Round - Fast (R.B.),0.0,
CHILL MASTER,,0.0,0.0,Neutral,0.0,0.0,Neutral,GOOD,5.25,0.0,2026-06-21,4.0,31.0,B/TT,0.0,1.0,J319,9.0,0.0,1.0,[],5.0,30.0,15.0,12/09/2026,Trotting,SmT 1 Round - Fast (R.B.),0.0,
CHINA WIN,60.0,0.1666666666666666,0.1666666666666666,Neutral,0.0,0.1666666666666666,TURF,GOOD TO FIRM,4.25,0.0,2026-05-13,4.0,70.0,,0.2857142857142857,1.0,K395,7.3,0.0,1.0,['B-'],,,,,,,,
CHIU CHOW GOLF,,,,,,,,,,,,,,,,0.0,L216,,,1.0,,5.0,29.0,29.0,25/09/2026,Trotting,SmT 1 Round - Fast (R.B.),0.0,
CHIU CHOW SPIRIT,,0.0,0.0,Neutral,0.0,0.0,Neutral,GOOD TO YIELDING,10.0,0.0,2026-06-27,4.0,73.0,B/TT,0.0,0.0,H175,10.416666666666666,0.0,1.0,[],6.0,30.0,26.0,12/09/2026,Trotting,SmT 1 Round - Fast (R.B.),0.0,
CIRCUIT CENTURY,,0.0,0.0,Neutral,0.0,0.0,Neutral,GOOD,8.0,0.0,2026-09-09,4.0,41.0,B/XB/TT,0.0,1.0,K308,6.333333333333333,0.0,1.0,[],,,,,,,,
CIRCUIT CHAMPION,,,,,,,,,,,,,,,,0.0,J428,,,1.0,,5.0,29.0,29.0,25/09/2026,Trotting,SmT 1 Round - Fast (R.B.),0.0,
CIRCUIT FIERY,,,,,,,,,,,,,,,,1.0,H475,,,1.0,,7.0,25.0,29.0,25/09/2026,Trotting,SmT 1 Round - Fast (R.B.),0.0,
CIRCUIT MARSHAL,,0.0,0.0,Neutral,0.0,0.0,Neutral,GOOD,10.5,0.0,2026-07-12,4.0,45.0,CP-/B1/TT,0.0,0.0,K526,10.125,0.0,1.0,[],6.0,22.0,0.0,12/09/2026,Trotting,SmT 1 Round - Fast (R.B.),0.0,
COLOURFUL GAN,,0.0,0.0,Neutral,0.0,0.0,Neutral,Unknown,8.5,0.0,2026-09-09,4.0,47.0,B,0.0,0.0,L054,6.9,0.0,1.0,[],,,,,,,,
COLOURFUL WINNER,,0.0,0.0,Neutral,0.0,0.0,Neutral,GOOD,6.0,0.0,2026-06-21,4.0,37.0,TT,0.0,0.0,J312,3.083333333333333,0.0,1.0,[],4.0,27.0,0.0,12/09/2026,Trotting,SmT 1 Round - Fast (R.B.),0.0,
COMET RADIANCE,,,,,,,,,,,,,,,,1.0,L067,,,1.0,,3.0,25.0,29.0,25/09/2026,Trotting,SmT 1 Round - Fast (R.B.),0.0,
COMPLETE UNKNOWN,,,,,,,,,,,,,,,,0.0,L219,,,1.0,,5.0,25.0,24.0,25/09/2026,Trotting,SmT 1 Round - Fast (R.B.),0.0,
CONGHUA GALAXY,,0.0,0.0,Neutral,0.0,0.0,Neutral,Unknown,7.0,0.0,,4.0,,,0.0,1.0,L337,6.0,0.0,1.0,[],6.0,24.0,1.0,12/09/2026,Trotting,SmT 1 Round - Fast (R.B.),0.0,
CONRAD THE GREAT,,0.0,0.0,Neutral,0.0,0.0,Neutral,GOOD,7.0,0.0,2026-07-15,4.0,38.0,SR/TT,0.0,0.0,K217,6.916666666666667,0.0,1.0,[],,,,,,,,
COPARTNER FLEET,55.0,0.0,0.1428571428571428,Happy Valley,0.0,0.0833333333333333,TURF,GOOD TO FIRM,8.0,0.0,2026-07-15,4.0,58.0,XB/V1,0.0,0.0,K342,5.333333333333333,0.0,1.0,['CP-/XB1'],,,,,,,,
COPARTNER PRANCE,,,,,,,,,,,,,,,,0.0,H408,,,1.0,,4.0,27.0,27.0,25/09/2026,Trotting,SmT 1 Round - Fast (R.B.),0.0,
DAILY FUN,,,,,,,,,,,,,,,,1.0,L231,,,1.0,,7.0,30.0,27.0,25/09/2026,Trotting,SmT 1 Round - Fast (R.B.),0.0,
DAILY TROPHY,,,,,,,,,,,,,,,,1.0,H283,,,1.0,,3.0,28.0,23.0,25/09/2026,Trotting,SmT 2 Round - Fast (R.B.),0.0,
DAN ATTACK,41.0,0.0,0.1818181818181818,Happy Valley,0.0,0.1666666666666666,TURF,GOOD TO FIRM,3.25,0.0,2026-05-27,4.0,50.0,XB,0.2,0.0,H317,5.25,0.25,1.0,['XB'],5.0,25.0,30.0,14/09/2026,Trotting,SmT 1 Round - Rev Fast (R.B.),0.0,
DANCING BLAZE,,0.0,0.0,Neutral,0.0,0.0,Neutral,Unknown,6.5,0.0,2026-05-31,4.0,52.0,XB1/TT,0.0,0.0,L364,5.5,0.0,1.0,[],4.0,28.0,22.0,12/09/2026,Trotting,AWT 1 Round - Fast (R.B.),0.0,
DANCING CLASSICS,63.0,0.25,0.4,Happy Valley,0.0,0.3333333333333333,TURF,GOOD,8.25,0.25,2026-07-08,4.0,63.0,B1/TT,0.5,1.0,J060,6.666666666666667,1.0,1.0,"['B1/TT', 'SR/TT', 'TT1']",4.0,30.0,21.0,14/09/2026,Trotting,SmT 2 Round - Rev Fast (R.B.),0.0,
DASH,,0.0,0.0,Neutral,0.0,0.0,Neutral,GOOD TO FIRM,9.25,0.0,2026-09-09,4.0,30.0,B/TT-,0.0,1.0,K250,7.25,0.0,1.0,[],,,,,,,,
DASHING PEACH,,,,,,,,,,,,,,,,0.0,L066,,,1.0,,4.0,20.0,23.0,25/09/2026,Gallop,26.6 (26.6) (R.B.),0.0,
DAY DAY VICTORY,51.0,0.125,0.25,Happy Valley,0.1428571428571428,0.2,TURF,WET FAST,7.0,0.0,2026-07-04,4.0,48.0,,0.125,0.0,J423,7.083333333333333,0.0,1.0,[],7.0,28.0,28.0,25/09/2026,Trotting,SmT 1 Round - Fast (R.B.),0.0,
DAZZLING FIT,69.0,0.25,0.0,Sha Tin,0.0,0.25,TURF,GOOD,6.0,0.0,2026-03-22,4.0,80.0,XB,0.0,0.0,K298,8.833333333333334,0.2727272727272727,1.0,['XB'],5.0,24.0,29.0,14/09/2026,Gallop,31.8 27.1 (58.9) (R.B.),0.0,
DECISION LINK,46.0,0.0,0.5,Happy Valley,0.0,0.1666666666666666,TURF,GOOD,5.5,0.25,2026-09-09,4.0,52.0,V-/TT,0.3333333333333333,0.0,K416,6.833333333333333,0.0,1.0,"['V/TT', 'V1/TT']",,,,,,,,
DEFINITIVE,73.0,0.0,0.2857142857142857,Happy Valley,0.0,0.25,TURF,GOOD,4.0,0.25,2026-06-24,4.0,73.0,B/TT,0.1818181818181818,0.0,K037,4.5,0.1666666666666666,1.0,['B/TT'],,,,,,,,
DEVAS TWELVE,56.0,0.25,0.0,Sha Tin,0.0,0.1666666666666666,TURF,GOOD TO FIRM,4.75,0.25,2026-03-15,4.0,56.0,TT,0.3333333333333333,0.0,H435,2.833333333333333,0.1666666666666666,1.0,['TT'],4.0,25.0,0.0,25/09/2026,Trotting,SmT 1 Round - Fast (R.B.),0.0,
DIRIYA,,0.0,0.0,Neutral,0.0,0.0,Neutral,Unknown,9.75,0.0,2026-05-03,4.0,37.0,TT-,0.0,0.0,K282,5.5,0.0,1.0,[],6.0,28.0,27.0,14/09/2026,Gallop,31.0 25.7 (56.7) (B Avdulla),0.0,
DO YOUR PART,60.0,0.1111111111111111,0.0,Sha Tin,0.0,0.0833333333333333,TURF,GOOD,2.75,0.0,2026-06-27,4.0,70.0,XB/TT,0.1428571428571428,0.0,J444,3.083333333333333,0.0833333333333333,1.0,['XB/TT'],,,,,,,,
DOUBLE ALPHA,,0.0,0.0,Neutral,0.0,0.0,Neutral,GOOD,6.666666666666667,0.0,2026-07-15,4.0,53.0,TT,0.0,1.0,L291,2.333333333333333,0.0,1.0,[],,,,,,,,
DOUBLE BINGO,33.0,0.1428571428571428,0.2,Happy Valley,0.0,0.2222222222222222,TURF,GOOD TO FIRM,2.0,0.25,2026-07-12,4.0,33.0,,0.3333333333333333,0.0,J309,8.181818181818182,0.0,1.0,['P'],6.0,27.0,26.0,24/09/2026,Swimming,nan,0.0,
DRACO,,0.0,0.0,Neutral,0.0,0.0,Neutral,GOOD,6.0,0.0,2026-07-12,4.0,30.0,TT,0.0,1.0,J115,10.416666666666666,0.0,1.0,[],3.0,26.0,25.0,25/09/2026,Trotting,SmT 1 Round - Fast (R.B.),0.0,
DRAGON AIR FORCE,73.0,0.0909090909090909,0.0,Sha Tin,0.1,0.0,AWT,GOOD,9.75,0.0,2026-06-13,4.0,79.0,TT,0.0,0.0,J279,6.916666666666667,0.0833333333333333,1.0,['TT'],9.0,31.0,30.0,12/09/2026,Trotting,SmT 1 Round - Fast (R.B.),0.0,
DRAGON FOUR SEAS,72.0,0.0,0.1428571428571428,Happy Valley,0.0,0.1,TURF,GOOD TO FIRM,8.5,0.0,2026-07-08,4.0,64.0,B/TT,0.0,1.0,J317,6.666666666666667,0.0,1.0,['B'],5.0,22.0,26.0,14/09/2026,Trotting,SmT 1 Round - Rev Fast (R.B.),0.0,
DRAGON JOY,,,,,,,,,,,,,,,,1.0,J278,,,1.0,,6.0,28.0,20.0,25/09/2026,Trotting,SmT 1 Round - Fast (R.B.),0.0,
DREAMING TOGETHER,,0.0,0.0,Neutral,0.0,0.0,Neutral,Unknown,9.25,0.0,2026-06-13,4.0,66.0,,0.0,0.0,L215,9.4,0.0,1.0,[],,,,,,,,
E HO HO,,0.0,0.0,Neutral,0.0,0.0,Neutral,Unknown,10.0,0.0,2026-07-04,4.0,52.0,B2/TT,0.0,0.0,L119,6.222222222222222,0.0,1.0,[],6.0,31.0,15.0,12/09/2026,Trotting,SmT 1 Round - Fast (R.B.),0.0,
ELEGANT LIFE,47.0,0.0,0.5,Happy Valley,0.0,0.1666666666666666,TURF,GOOD,5.25,0.25,2026-06-27,4.0,56.0,B/TT,0.1,0.0,J366,5.75,0.2857142857142857,1.0,['B/TT'],4.0,27.0,23.0,14/09/2026,Trotting,SmT 2 Round - Rev Fast (R.B.),0.0,
EMBRACES,,0.0,0.0,Neutral,0.0,0.0,Neutral,GOOD TO FIRM,4.5,0.0,2026-07-01,4.0,69.0,CP-/V1/TT,0.0,0.0,J276,8.75,0.0,1.0,[],5.0,28.0,0.0,14/09/2026,Trotting,SmT 1 Round - Rev Fast (R.B.),0.0,
ENDEARED,,,,,,,,,,,,,,,,1.0,H161,,,1.0,,0.0,0.0,0.0,,,,0.0,
ENJOY GOLF,38.0,0.1,0.0,Sha Tin,0.0,0.0833333333333333,TURF,GOOD TO FIRM,2.75,0.25,2026-07-12,4.0,45.0,B,0.1428571428571428,0.0,J222,4.666666666666667,0.1666666666666666,1.0,['B'],7.0,30.0,29.0,12/09/2026,Trotting,SmT 1 Round - Fast (R.B.),0.0,
ETALON OR,54.0,0.0833333333333333,0.0,Sha Tin,0.0,0.0833333333333333,TURF,GOOD,3.75,0.25,2026-01-01,4.0,60.0,B,0.0,0.0,J273,8.083333333333334,0.1111111111111111,1.0,['B'],4.0,30.0,27.0,25/09/2026,Trotting,SmT 1 Round - Fast (R.B.),0.0,
ETERNAL FORTUNE,,0.0,0.0,Neutral,0.0,0.0,Neutral,GOOD TO FIRM,5.75,0.0,2026-07-08,4.0,73.0,B/TT,0.0,1.0,K010,3.9166666666666665,0.0,1.0,[],5.0,31.0,29.0,14/09/2026,Gallop,27.3 23.9 (51.2) (R Kingscote),0.0,
EVER LUCK,60.0,0.3333333333333333,0.0,Sha Tin,0.0,0.2857142857142857,TURF,GOOD TO FIRM,6.75,0.25,2026-06-10,4.0,67.0,B,0.2,0.0,K235,4.0,0.0,1.0,['CP-/B1'],5.0,24.0,0.0,12/09/2026,Trotting,SmT 1 Round - Fast (R.B.),0.0,
EVERSTAR,58.0,0.0,0.1428571428571428,Happy Valley,0.0,0.1111111111111111,TURF,GOOD TO FIRM,8.25,0.0,2026-07-04,4.0,48.0,,0.0909090909090909,1.0,K264,7.727272727272727,0.0,1.0,['CP'],8.0,27.0,25.0,14/09/2026,Trotting,SmT 2 Round - Rev Fast (R.B.),0.0,
EXCEED THE WISH,,0.0,0.0,Neutral,0.0,0.0,Neutral,GOOD TO FIRM,5.5,0.0,2026-07-12,4.0,27.0,H,0.0,1.0,J480,7.916666666666667,0.0,1.0,[],6.0,30.0,1.0,12/09/2026,Trotting,SmT 1 Round - Fast (R.B.),0.0,
FALLON,,,,,,,,,,,,,,,,0.0,H219,,,1.0,,4.0,29.0,30.0,25/09/2026,Trotting,SmT 1 Round - Fast (R.B.),0.0,
FAMILY FORTUNE,37.0,0.0,0.6,Happy Valley,0.0,0.3,TURF,GOOD TO FIRM,4.0,0.25,2026-07-01,4.0,43.0,TT,0.0,0.0,H447,9.416666666666666,0.2727272727272727,1.0,['TT'],4.0,27.0,0.0,14/09/2026,Trotting,SmT 2 Round - Rev Fast (R.B.),0.0,
FAST RESPONDER,71.0,0.0833333333333333,0.0,Sha Tin,0.0,0.0833333333333333,TURF,GOOD TO FIRM,4.25,0.25,2026-07-01,4.0,77.0,B,0.0833333333333333,0.0,J295,6.666666666666667,0.3333333333333333,1.0,['B'],6.0,19.0,0.0,12/09/2026,Trotting,SmT 1 Round - Fast (R.B.),0.0,
FIREFOOT,40.0,0.1111111111111111,0.0,Sha Tin,0.1428571428571428,0.0,AWT,GOOD TO YIELDING,2.5,0.25,2026-07-15,4.0,47.0,B/TT,0.1111111111111111,0.0,J183,6.0,0.0,1.0,['V-/B2/TT'],,,,,,,,
FIT FOR BEAUTY,65.0,0.25,0.0,Sha Tin,0.0,0.25,TURF,GOOD TO FIRM,5.0,0.0,2026-06-27,4.0,73.0,H,0.2222222222222222,0.0,K489,6.916666666666667,0.2,1.0,"['H', 'H1']",7.0,30.0,28.0,12/09/2026,Trotting,SmT 1 Round - Fast (R.B.),0.0,
FLASH STAR,41.0,0.0,0.125,Happy Valley,0.0,0.0833333333333333,TURF,GOOD,9.0,0.0,2026-09-09,4.0,40.0,TT,0.1,0.0,K431,7.272727272727272,0.0,1.0,['H/TT'],,,,,,,,
FLOW WATER FLOW,63.0,0.5,0.0,Sha Tin,0.0,0.3333333333333333,TURF,GOOD,2.25,0.5,2026-07-01,4.0,70.0,B,0.5,1.0,K562,9.333333333333334,0.4,1.0,['B'],8.0,30.0,29.0,12/09/2026,Trotting,SmT 1 Round - Fast (R.B.),0.0,
FLOWING RICHES,,,,,,,,,,,,,,,,0.0,K293,,,1.0,,4.0,26.0,25.0,25/09/2026,Trotting,SmT 1 Round - Fast (R.B.),0.0,
FLUORESCENCE,,0.0,0.0,Neutral,0.0,0.0,Neutral,Unknown,11.0,0.0,2026-06-13,4.0,55.0,B/TT,0.0,0.0,L124,10.0,0.0,1.0,[],7.0,31.0,25.0,14/09/2026,Trotting,SmT 1 Round - Rev Fast (R.B.),0.0,
FLYING BOOM,47.0,0.0909090909090909,0.0,Sha Tin,0.0,0.0909090909090909,TURF,GOOD,7.5,0.0,2026-07-01,4.0,50.0,XB,0.2,0.0,K327,8.909090909090908,0.0,1.0,['XB1/TT-'],6.0,20.0,18.0,12/09/2026,Trotting,SmT 1 Round - Fast (R.B.),0.0,
FLYING KNIGHT,57.0,0.1818181818181818,0.0,Sha Tin,0.0,0.1666666666666666,TURF,GOOD,2.5,0.5,2026-07-15,4.0,63.0,B/TT,0.0,0.0,K370,7.0,0.2857142857142857,1.0,['B/TT'],3.0,24.0,26.0,25/09/2026,Trotting,SmT 1 Round - Fast (R.B.),0.0,
FLYING LUCK,,,,,,,,,,,,,,,,1.0,J339,,,1.0,,3.0,26.0,23.0,25/09/2026,Trotting,SmT 2 Round - Fast (R.B.),0.0,
FLYING TING LOK,,,,,,,,,,,,,,,,0.0,K228,,,1.0,,6.0,27.0,19.0,23/09/2026,Race,1000M (H Y Yuen) (10/12),0.0,
FORERUNNER,50.0,0.0,0.125,Happy Valley,0.0,0.0909090909090909,TURF,GOOD,2.25,0.25,2026-07-08,4.0,56.0,CP/TT,0.1428571428571428,0.0,G465,7.5,0.2,1.0,['CP/TT'],,,,,,,,
FOREVER FANCY,,,,,,,,,,,,,,,,0.0,K354,,,1.0,,3.0,24.0,26.0,25/09/2026,Trotting,SmT 1 Round - Fast (R.B.),0.0,
FORTUNATE SON,60.0,0.0,0.0909090909090909,Happy Valley,0.0,0.0909090909090909,TURF,GOOD,5.75,0.0,2026-07-08,4.0,65.0,TT,0.0,0.0,J446,7.181818181818182,0.0909090909090909,1.0,['TT'],,,,,,,,
FORTUNE KINGO,,0.0,0.0,Neutral,0.0,0.0,Neutral,GOOD,7.75,0.0,2026-07-01,4.0,36.0,B,0.0,0.0,K457,9.0,0.0,1.0,[],6.0,23.0,30.0,12/09/2026,Trotting,SmT 1 Round - Fast (R.B.),0.0,
FORTUNE SUPERNOVA,,0.0,0.0,Neutral,0.0,0.0,Neutral,Unknown,8.5,0.0,2026-09-09,4.0,39.0,TT,0.0,0.0,K287,8.0,0.0,1.0,[],3.0,22.0,29.0,25/09/2026,Trotting,SmT 1 Round - Fast (R.B.),0.0,
FORZA LEADER,,0.0,0.0,Neutral,0.0,0.0,Neutral,GOOD,3.75,0.0,2026-09-09,4.0,43.0,TT,0.0,0.0,L034,9.083333333333334,0.0,1.0,[],5.0,26.0,11.0,14/09/2026,Trotting,TroR TroR Canter (R.B.),0.0,
FORZA TORO,,,,,,,,,,,,,,,,1.0,K355,,,1.0,,3.0,25.0,19.0,25/09/2026,Trotting,SmT 2 Round - Fast (R.B.),0.0,
FOUR STARS ALIGN,,,,,,,,,,,,,,,,0.0,L481,,,1.0,,6.0,30.0,30.0,25/09/2026,Trotting,SmT 1 Round - Fast (Y L Chung),0.0,
FRANCIS MEYNELL,,0.0,0.0,Neutral,0.0,0.0,Neutral,GOOD TO FIRM,6.75,0.0,2026-09-09,4.0,46.0,B-/TT,0.0,0.0,J394,4.833333333333333,0.0,1.0,[],,,,,,,,
FRIENDS OF SHAJING,,0.0,0.0,Neutral,0.0,0.0,Neutral,GOOD,5.0,0.0,2026-07-08,4.0,63.0,TT,0.0,0.0,K202,5.0,0.0,1.0,[],6.0,29.0,27.0,14/09/2026,Trotting,SmT 1 Round - Rev Fast (R.B.),0.0,
GALAXY PATCH,,,,,,,,,,,,,,,,0.0,H399,,,1.0,,6.0,25.0,1.0,25/09/2026,Trotting,SmT 1 Round - Fast (R.B.),0.0,
GENERAL REDWOOD,54.0,0.0,0.2857142857142857,Happy Valley,0.0,0.25,TURF,GOOD,5.75,0.25,2026-09-09,4.0,60.0,CP/TT,0.2857142857142857,0.0,L102,5.5,0.2857142857142857,1.0,['CP/TT'],,,,,,,,
GENEVA,,,,,,,,,,,,,,,,1.0,J114,,,1.0,,7.0,22.0,0.0,25/09/2026,Gallop,32.3 (32.3) (R.B.),0.0,
GENIUS BABY,48.0,0.0,0.1428571428571428,Happy Valley,0.0,0.0833333333333333,TURF,GOOD,3.75,0.0,2026-07-15,4.0,51.0,CP-/XB/V1/TT,0.0909090909090909,0.0,K132,7.916666666666667,0.0,1.0,['XB/TT'],6.0,19.0,19.0,14/09/2026,Trotting,SmT 2 Round - Rev Fast (R.B.),0.0,
GEORGIAN SIGMA,,0.0,0.0,Neutral,0.0,0.0,Neutral,GOOD TO FIRM,5.0,0.0,2026-06-24,4.0,54.0,B,0.0,0.0,L007,2.5,0.0,1.0,[],,,,,,,,
GHORGAN,,0.0,0.0,Neutral,0.0,0.0,Neutral,GOOD,7.75,0.0,2026-06-27,4.0,56.0,H/TT,0.0,0.0,K199,6.75,0.0,1.0,[],7.0,29.0,25.0,25/09/2026,Trotting,SmT 1 Round - Fast (R.B.),0.0,
GIANT LEAP,,0.0,0.0,Neutral,0.0,0.0,Neutral,GOOD,6.75,0.0,2026-07-15,4.0,56.0,E/V,0.0,0.0,J143,3.9166666666666665,0.0,1.0,[],9.0,29.0,28.0,14/09/2026,Gallop,30.9 24.2 (55.1) (R.B.),0.0,
GIANT SPIRIT,,0.0,0.0,Neutral,0.0,0.0,Neutral,Unknown,10.25,0.0,2026-09-09,4.0,50.0,B,0.0,0.0,L169,4.125,0.0,1.0,[],6.0,25.0,0.0,25/09/2026,Trotting,SmT 2 Round - Fast (H T Mo),0.0,
GIMME FIVE,,,,,,,,,,,,,,,,0.0,J099,,,1.0,,4.0,25.0,13.0,25/09/2026,Trotting,SmT 2 Round - Fast (R.B.),0.0,
GLACIATED,,,,,,,,,,,,,,,,1.0,K272,,,1.0,,5.0,26.0,27.0,25/09/2026,Trotting,SmT 1 Round - Fast (R.B.),0.0,
GLORIOUS DYNASTY,,0.0,0.0,Neutral,0.0,0.0,Neutral,Unknown,9.0,0.0,2026-06-21,4.0,64.0,,0.0,0.0,L315,6.0,0.0,1.0,[],6.0,23.0,29.0,14/09/2026,Trotting,SmT 2 Round - Rev Fast (R.B.),0.0,
GLORIOUS RYDER,39.0,0.0,0.1428571428571428,Happy Valley,0.0,0.0909090909090909,TURF,GOOD TO FIRM,10.25,0.0,2026-07-04,4.0,41.0,B,0.0,0.0,K290,10.083333333333334,0.0,1.0,['B/TT'],4.0,18.0,15.0,12/09/2026,Trotting,SmT 1 Round - Fast (R.B.),0.0,
GLOWING PRAISES,,,,,,,,,,,,,,,,0.0,L223,,,1.0,,6.0,22.0,21.0,25/09/2026,Trotting,SmT 1 Round - Fast (R.B.),0.0,
GOLDEN ELITE,,0.0,0.0,Neutral,0.0,0.0,Neutral,Unknown,7.0,0.0,,4.0,,,0.0,0.0,L353,6.0,0.0,1.0,[],7.0,24.0,28.0,12/09/2026,Trotting,SmT 1 Round - Fast (R.B.),0.0,
GOLDEN FRIENDSHIP,39.0,0.0,0.0909090909090909,Happy Valley,0.0,0.0833333333333333,TURF,GOOD,4.0,0.0,2026-07-08,4.0,42.0,B/TT,0.0,1.0,K106,4.333333333333333,0.0833333333333333,1.0,['B/TT'],6.0,28.0,28.0,14/09/2026,Trotting,SmT 2 Round - Rev Fast (A.T.),0.0,
GOLDEN GUNNERS,,,,,,,,,,,,,,,,0.0,L306,,,1.0,,3.0,26.0,22.0,25/09/2026,Trotting,SmT 2 Round - Fast (R.B.),0.0,
GOOD GOOD,48.0,0.1,0.0,Sha Tin,0.0,0.1,TURF,GOOD,7.5,0.0,2026-03-15,4.0,49.0,B-/PC2,0.0,0.0,J224,2.6666666666666665,0.0,1.0,['V-/B2'],6.0,28.0,26.0,12/09/2026,Trotting,SmT 1 Round - Fast (R.B.),0.0,
GOOD LUCK HAPPY,,0.0,0.0,Neutral,0.0,0.0,Neutral,GOOD,6.5,0.0,2026-07-08,4.0,55.0,TT,0.0,1.0,K301,4.833333333333333,0.0,1.0,[],,,,,,,,
GOOD POWER,,0.0,0.0,Neutral,0.0,0.0,Neutral,Unknown,9.0,0.0,2026-07-01,4.0,52.0,H1,0.0,0.0,L228,10.0,0.0,1.0,[],6.0,27.0,12.0,12/09/2026,Trotting,SmT 1 Round - Fast (R.B.),0.0,
GOR GOR,42.0,0.1,0.0,Sha Tin,0.0,0.0833333333333333,TURF,GOOD TO FIRM,7.5,0.0,2026-07-12,4.0,43.0,,0.0,1.0,K104,8.833333333333334,0.0,1.0,[],6.0,30.0,5.0,12/09/2026,Trotting,SmT 1 Round - Fast (R.B.),0.0,
GORGEOUS VICTORY,,0.0,0.0,Neutral,0.0,0.0,Neutral,GOOD TO YIELDING,4.5,0.0,2026-07-15,4.0,47.0,TT,0.0,0.0,L087,7.555555555555555,0.0,1.0,[],6.0,30.0,28.0,12/09/2026,Trotting,SmT 2 Round - Fast (R.B.),0.0,
GRAND TURBO,,0.0,0.0,Neutral,0.0,0.0,Neutral,Unknown,7.0,0.0,2026-07-04,4.0,44.0,B/TT,0.0,0.0,L138,11.714285714285714,0.0,1.0,[],5.0,31.0,26.0,12/09/2026,Trotting,SmT 2 Round - Fast (R.B.),0.0,
GRATIFIDE,55.0,0.0,0.25,Happy Valley,0.0,0.1428571428571428,TURF,GOOD,6.5,0.25,2026-07-15,4.0,55.0,B,0.5,0.0,K550,8.428571428571429,1.0,1.0,['B'],3.0,21.0,29.0,14/09/2026,Trotting,SmT 2 Round - Rev Fast (R.B.),0.0,
GREEN AUTUMN,,,,,,,,,,,,,,,,0.0,L352,,,1.0,,7.0,30.0,29.0,25/09/2026,Trotting,SmT 1 Round - Fast (R.B.),0.0,
GREEN FIELD PEARL,,0.0,0.0,Neutral,0.0,0.0,Neutral,Unknown,7.75,0.0,2026-07-01,4.0,50.0,XB1/TT-,0.0,1.0,K460,8.666666666666666,0.0,1.0,[],6.0,25.0,28.0,12/09/2026,Trotting,SmT 1 Round - Fast (R.B.),0.0,
GRIT SPIRIT,,0.0,0.0,Neutral,0.0,0.0,Neutral,Unknown,11.75,0.0,2026-06-27,4.0,60.0,XB/CP1/TT,0.0,0.0,L116,10.25,0.0,1.0,[],8.0,30.0,27.0,14/09/2026,Gallop,29.2 24.3 (53.5) (C L Chau),0.0,
GROUPER,,0.0,0.0,Neutral,0.0,0.0,Neutral,GOOD TO YIELDING,4.75,0.0,2026-09-06,4.0,52.0,B/TT,0.0,0.0,L233,3.8333333333333335,0.0,1.0,[],5.0,29.0,28.0,14/09/2026,Trotting,SmT 2 Round - Rev Fast (R.B.),0.0,
GULU GOGO,,0.0,0.0,Neutral,0.0,0.0,Neutral,Unknown,6.0,0.0,2026-07-04,4.0,65.0,,0.0,0.0,L377,10.0,0.0,1.0,[],6.0,29.0,28.0,12/09/2026,Trotting,SmT 1 Round - Fast (R.B.),0.0,
HANDSOME BLOND,,,,,,,,,,,,,,,,0.0,K241,,,1.0,,5.0,22.0,24.0,25/09/2026,Trotting,SmT 1 Round - Fast (R.B.),0.0,
HANDSOME HERO,,0.0,0.0,Neutral,0.0,0.0,Neutral,Unknown,7.0,0.0,2026-07-01,4.0,52.0,,0.0,0.0,L346,6.0,0.0,1.0,[],4.0,25.0,27.0,12/09/2026,Trotting,SmT 1 Round - Fast (R.B.),0.0,
HAPPY ACTION,,,,,,,,,,,,,,,,0.0,K399,,,1.0,,5.0,23.0,0.0,25/09/2026,Trotting,SmT 1 Round - Fast (R.B.),0.0,
HAPPY SHOOTER,48.0,0.1,0.0,Sha Tin,0.0,0.1,TURF,Unknown,4.75,0.0,2026-06-13,4.0,58.0,TT,0.1,0.0,J427,6.909090909090909,0.1111111111111111,1.0,['TT'],5.0,31.0,29.0,12/09/2026,Trotting,SmT 2 Round - Fast (R.B.),0.0,
HARMONY FIRE,49.0,0.0,0.0833333333333333,Happy Valley,0.0,0.0833333333333333,TURF,GOOD,3.75,0.0,2026-07-08,4.0,50.0,B/TT,0.0833333333333333,0.0,E175,5.416666666666667,0.0909090909090909,1.0,['B/TT'],,,,,,,,
HARMONY N BLESSED,71.0,0.0,0.1111111111111111,Happy Valley,0.0,0.0833333333333333,TURF,GOOD,5.25,0.25,2026-07-15,4.0,71.0,B/TT,0.0909090909090909,0.0,E061,2.75,0.1,1.0,['B/TT'],,,,,,,,
HAROLD WIN,,,,,,,,,,,,,,,,0.0,J280,,,1.0,,5.0,22.0,26.0,25/09/2026,Trotting,SmT 1 Round - Fast (R.B.),0.0,
HARVEST MOON,,,,,,,,,,,,,,,,0.0,L419,,,1.0,,6.0,22.0,28.0,25/09/2026,Trotting,TroR TroR Canter (R.B.),0.0,
HE WAS ME,29.0,0.2,0.0,Sha Tin,0.0,0.1666666666666666,TURF,GOOD TO FIRM,4.75,0.25,2026-07-01,4.0,35.0,B/TT,0.25,1.0,J535,4.5,0.1666666666666666,1.0,['B/TT'],6.0,30.0,30.0,12/09/2026,Trotting,SmT 1 Round - Fast (R.B.),0.0,
HELENE FEELING,98.0,0.0,0.25,Happy Valley,0.0,0.1818181818181818,TURF,GOOD,7.25,0.0,2026-07-12,4.0,96.0,B/TT,0.0,0.0,H215,7.5,0.1666666666666666,1.0,['B/TT'],0.0,0.0,0.0,,,,0.0,
HELIOS EXPRESS,,,,,,,,,,,,,,,,0.0,H302,,,1.0,,8.0,29.0,28.0,25/09/2026,Trotting,SmT 1 Round - Fast (R.B.),0.0,
HERBAL STAR,,,,,,,,,,,,,,,,1.0,L053,,,1.0,,6.0,30.0,25.0,25/09/2026,Trotting,SmT 2 Round - Fast (R.B.),0.0,
HERO MASTERMIND,,0.0,0.0,Neutral,0.0,0.0,Neutral,Unknown,10.0,0.0,2026-06-21,4.0,52.0,BL1,0.0,0.0,L391,7.0,0.0,1.0,[],3.0,25.0,29.0,25/09/2026,Trotting,SmT 1 Round - Fast (R.B.),0.0,
HERO RISING,,0.0,0.0,Neutral,0.0,0.0,Neutral,Unknown,6.0,0.0,2026-06-21,4.0,52.0,,0.0,0.0,L294,11.0,0.0,1.0,[],6.0,23.0,27.0,12/09/2026,Trotting,SmT 1 Round - Fast (R.B.),0.0,
HEY BROS,,,,,,,,,,,,,,,,0.0,L150,,,1.0,,5.0,23.0,18.0,25/09/2026,Trotting,SmT 1 Round - Fast (R.B.),0.0,
HIGH PRAISE,,0.0,0.0,Neutral,0.0,0.0,Neutral,Unknown,11.333333333333334,0.0,2026-07-04,4.0,63.0,CP1/TT,0.0,0.0,L316,7.0,0.0,1.0,[],5.0,28.0,24.0,12/09/2026,Trotting,SmT 1 Round - Fast (R.B.),0.0,
HIGHLAND RAHY,69.0,0.0,0.0833333333333333,Happy Valley,0.0,0.0833333333333333,TURF,GOOD TO FIRM,6.0,0.0,2026-05-27,4.0,70.0,B/TT,0.125,0.0,J298,2.083333333333333,0.0833333333333333,1.0,['B/TT'],8.0,27.0,29.0,14/09/2026,Gallop,28.8 26.2 (55.0) (R.B.),0.0,
HOLMES A COURT,48.0,0.0,0.25,Happy Valley,0.0,0.0833333333333333,TURF,GOOD,4.5,0.25,2026-06-10,4.0,48.0,V-/B2/TT-,0.1111111111111111,0.0,J511,5.416666666666667,1.0,1.0,['V-/B2/TT-'],2.0,23.0,25.0,14/09/2026,Trotting,SmT 2 Round - Rev Fast (R.B.),0.0,
HONEST WITNESS,53.0,0.0,0.1818181818181818,Happy Valley,0.0,0.1666666666666666,TURF,GOOD,6.75,0.25,2026-07-08,4.0,64.0,B/TT,0.2222222222222222,0.0,K283,2.1666666666666665,0.3333333333333333,1.0,['B/TT'],5.0,20.0,27.0,14/09/2026,Trotting,SmT 2 Round - Rev Fast (R.B.),0.0,
HORSEPOWER,79.0,0.0,0.125,Happy Valley,0.0,0.0909090909090909,TURF,GOOD TO FIRM,3.5,0.0,2026-06-24,4.0,79.0,XB/TT,0.1111111111111111,1.0,J431,8.833333333333334,0.0833333333333333,1.0,['XB/TT'],6.0,30.0,30.0,14/09/2026,Trotting,SmT 1 Round - Rev Fast (R.B.),0.0,
HOT AIR BALLON,,,,,,,,,,,,,,,,0.0,K144,,,1.0,,5.0,23.0,29.0,25/09/2026,Trotting,SmT 1 Round - Fast (R.B.),0.0,
HOTT SHOTT,,,,,,,,,,,,,,,,0.0,L147,,,1.0,,3.0,26.0,30.0,25/09/2026,Trotting,SmT 1 Round - Fast (R.B.),0.0,
HUGE WAVE,82.0,0.1666666666666666,0.1666666666666666,Neutral,0.0,0.1666666666666666,TURF,GOOD,4.5,0.0,2026-07-12,4.0,95.0,TT,0.25,1.0,J197,7.0,0.1818181818181818,1.0,['TT'],6.0,27.0,1.0,14/09/2026,Trotting,Penfold Canter (R.B.),0.0,
HYMNBOOK,,0.0,0.0,Neutral,0.0,0.0,Neutral,GOOD TO FIRM,5.5,0.0,2026-07-12,4.0,63.0,CP,0.0,0.0,L238,9.833333333333334,0.0,1.0,[],4.0,28.0,23.0,14/09/2026,Trotting,SmT 2 Round - Rev Fast (R.B.),0.0,
ICONICAL,45.0,0.0,0.1,Happy Valley,0.0,0.0909090909090909,TURF,GOOD,8.25,0.0,2026-04-06,4.0,40.0,B/TT2,0.0,0.0,J504,2.833333333333333,0.0,1.0,['TT'],6.0,24.0,27.0,14/09/2026,Gallop,25.9 (25.9) (R.B.),0.0,
INNO SUPER,47.0,0.0,0.25,Happy Valley,0.0,0.0833333333333333,TURF,GOOD,4.5,0.0,2026-09-09,4.0,51.0,B-/SR2/TT,0.25,0.0,K319,7.333333333333333,0.0,1.0,['SR/TT'],,,,,,,,
INVINCIBLE IBIS,,,,,,,,,,,,,,,,0.0,K296,,,1.0,,6.0,23.0,28.0,25/09/2026,Trotting,SmT 1 Round - Fast (R.B.),0.0,
INVINCIBLE STEED,,0.0,0.0,Neutral,0.0,0.0,Neutral,GOOD,4.0,0.0,2026-07-01,4.0,66.0,XB,0.0,0.0,L312,9.5,0.0,1.0,[],6.0,29.0,25.0,12/09/2026,Trotting,SmT 1 Round - Fast (R.B.),0.0,
IRON SECURITY,,0.0,0.0,Neutral,0.0,0.0,Neutral,Unknown,8.75,0.0,2026-07-12,4.0,54.0,CP/TT,0.0,0.0,L174,3.571428571428572,0.0,1.0,[],4.0,25.0,20.0,12/09/2026,Trotting,SmT 1 Round - Fast (R.B.),0.0,
JOLLY BONUS,,0.0,0.0,Neutral,0.0,0.0,Neutral,Unknown,11.0,0.0,2026-07-15,4.0,52.0,,0.0,0.0,L327,7.0,0.0,1.0,[],7.0,30.0,0.0,14/09/2026,Gallop,30.2 26.4 (56.6) (M F Poon),0.0,
JOLLY COMPANION,44.0,0.0,0.1,Happy Valley,0.0,0.0909090909090909,TURF,GOOD TO FIRM,6.5,0.0,2026-09-06,4.0,40.0,V/TT,0.0833333333333333,0.0,H454,6.75,0.0,1.0,['B/TT'],5.0,30.0,21.0,14/09/2026,Trotting,SmT 1 Round - Rev Fast (R.B.),0.0,
JOLTIN,,0.0,0.0,Neutral,0.0,0.0,Neutral,Unknown,12.25,0.0,2026-06-07,4.0,53.0,TT,0.0,0.0,L186,10.571428571428571,0.0,1.0,[],4.0,21.0,25.0,25/09/2026,Trotting,SmT 1 Round - Fast (R.B.),0.0,
JUICY DRAGON,51.0,0.2,0.0,Sha Tin,0.25,0.0,AWT,GOOD,4.0,0.25,2026-07-01,4.0,60.0,V,0.0,0.0,K405,5.25,0.2,1.0,"['B-/V1', 'V']",6.0,31.0,24.0,14/09/2026,Trotting,SmT 1 Round - Rev Fast (R.B.),0.0,
JUMBO BLESSING,46.0,0.0,0.25,Happy Valley,0.0,0.1428571428571428,TURF,GOOD,4.5,0.25,2026-07-08,4.0,46.0,TT,0.1666666666666666,1.0,K529,7.142857142857143,0.1666666666666666,1.0,['TT'],,,,,,,,
JUMBO STEPS,,0.0,0.0,Neutral,0.0,0.0,Neutral,Unknown,8.5,0.0,2026-07-01,4.0,59.0,B,0.0,0.0,L269,9.6,0.0,1.0,[],5.0,28.0,28.0,14/09/2026,Gallop,29.3 26.7 (56.0) (H Bentley),0.0,
JUST FOLLOW ME,,,,,,,,,,,,,,,,1.0,K332,,,1.0,,7.0,22.0,0.0,25/09/2026,Trotting,SmT 1 Round - Fast (R.B.),0.0,
KANSAS,,0.0,0.0,Neutral,0.0,0.0,Neutral,Unknown,10.75,0.0,2026-09-06,4.0,56.0,CP,0.0,0.0,L305,5.125,0.0,1.0,[],7.0,23.0,27.0,14/09/2026,Trotting,AWT 1 Round - Fast (R.B.),0.0,
KEEFY,,0.0,0.0,Neutral,0.0,0.0,Neutral,GOOD,8.0,0.0,2026-06-24,4.0,70.0,B,0.0,0.0,G306,5.916666666666667,0.0,1.0,[],,,,,,,,
KEMPES,62.0,0.0909090909090909,0.0,Sha Tin,0.0,0.1111111111111111,TURF,GOOD,7.0,0.0,2026-07-12,4.0,61.0,CP1,0.0,0.0,J265,10.5,0.0,1.0,['H-/XB'],6.0,26.0,29.0,11/09/2026,Equine Treadmill,Treadmill - Canter With Incline,0.0,
KING MILES,71.0,0.0,0.2,Happy Valley,0.0,0.1666666666666666,TURF,GOOD TO FIRM,10.75,0.0,2026-07-04,4.0,68.0,B/TT,0.0,0.0,J158,6.916666666666667,0.1,1.0,"['B/TT', 'CP-/H-/B1/TT']",,,,,,,,
KING OBERON,51.0,0.0,0.25,Happy Valley,0.0,0.1818181818181818,TURF,GOOD,5.0,0.0,2026-07-08,4.0,51.0,B,0.1666666666666666,0.0,H407,4.333333333333333,0.1666666666666666,1.0,['B'],,,,,,,,
KINGMAN REEF,,0.0,0.0,Neutral,0.0,0.0,Neutral,Unknown,7.0,0.0,,4.0,,,0.0,0.0,L446,6.0,0.0,1.0,[],5.0,27.0,27.0,25/09/2026,Trotting,SmT 1 Round - Fast (R.B.),0.0,
KOL,,0.0,0.0,Neutral,0.0,0.0,Neutral,Unknown,9.75,0.0,2026-07-04,4.0,48.0,,0.0,1.0,L319,5.25,0.0,1.0,[],6.0,25.0,28.0,12/09/2026,Trotting,SmT 1 Round - Fast (R.B.),0.0,
KWAI CHUNG TALENTS,,0.0,0.0,Neutral,0.0,0.0,Neutral,GOOD,5.0,0.0,2026-07-08,4.0,43.0,H-,0.0,0.0,L144,7.0,0.0,1.0,[],7.0,18.0,21.0,14/09/2026,Trotting,SmT 1 Round - Rev Fast (R.B.),0.0,
KYOTO SPRING,,,,,,,,,,,,,,,,0.0,L190,,,1.0,,4.0,21.0,0.0,25/09/2026,Gallop,26.6 (26.6) (R.B.),0.0,
KYRUS DRAGON,69.0,0.0,0.1666666666666666,Happy Valley,0.0,0.1666666666666666,TURF,GOOD TO FIRM,5.5,0.25,2026-02-11,4.0,76.0,XB,0.1666666666666666,0.0,H396,8.916666666666666,0.0,1.0,"['H-/XB', 'H/XB']",5.0,25.0,28.0,11/09/2026,Equine Treadmill,Treadmill - Canter With Incline,0.0,
LA FORZA,67.0,0.5,0.0,Sha Tin,0.0,0.25,TURF,GOOD TO FIRM,9.0,0.0,2026-06-24,4.0,73.0,B/TT,0.2857142857142857,1.0,J285,5.0,0.1428571428571428,1.0,"['B/TT', 'CP-/B1/TT']",5.0,24.0,26.0,12/09/2026,Trotting,SmT 1 Round - Fast (R.B.),0.0,
LADY'S LOVE,,0.0,0.0,Neutral,0.0,0.0,Neutral,Unknown,9.5,0.0,2026-07-12,4.0,56.0,,0.0,0.0,L220,8.833333333333334,0.0,1.0,[],6.0,19.0,20.0,12/09/2026,Trotting,SmT 1 Round - Fast (R.B.),0.0,
LAKESHORE HERO,43.0,0.0,0.1666666666666666,Happy Valley,0.0,0.1,TURF,GOOD,5.5,0.0,2026-06-27,4.0,38.0,,0.1428571428571428,1.0,J288,6.833333333333333,0.0,1.0,['CP-'],,,,,,,,
LE ZONDA,75.0,0.0,0.4,Happy Valley,0.0,0.25,TURF,GOOD,3.25,0.5,2026-07-08,4.0,75.0,TT,0.5,0.0,L110,9.375,0.2857142857142857,1.0,['TT'],5.0,27.0,29.0,14/09/2026,Gallop,34.0 29.2 26.0 (1.29.2) (C Y Ho),0.0,
LEADING DRAGON,48.0,0.125,0.0,Sha Tin,0.0,0.125,TURF,GOOD,4.75,0.25,2026-07-04,4.0,55.0,TT,0.2,0.0,L083,1.375,0.25,1.0,['TT'],,,,,,,,
LEAN MASTER,,0.0,0.0,Neutral,0.0,0.0,Neutral,GOOD TO FIRM,5.5,0.0,2026-07-15,4.0,42.0,B/TT,0.0,0.0,H134,3.5,0.0,1.0,[],3.0,25.0,18.0,25/09/2026,Trotting,SmT 2 Round - Fast (R.B.),0.0,
LEGEND STAR,40.0,0.0,0.3333333333333333,Happy Valley,0.0,0.2,TURF,GOOD,8.75,0.0,2026-09-06,4.0,46.0,B/TT,0.1818181818181818,0.0,K271,7.916666666666667,0.125,1.0,"['B/TT', 'B2/TT']",5.0,28.0,28.0,14/09/2026,Trotting,SmT 2 Round - Rev Fast (R.B.),0.0,
LEGENDARY IMPACT,,0.0,0.0,Neutral,0.0,0.0,Neutral,Unknown,8.75,0.0,2026-04-08,4.0,39.0,B-/CP2/TT,0.0,1.0,K035,6.636363636363637,0.0,1.0,[],7.0,29.0,23.0,12/09/2026,Trotting,SmT 1 Round - Fast (R.B.),0.0,
LET'S HAVE FUN,,,,,,,,,,,,,,,,0.0,L118,,,1.0,,4.0,23.0,26.0,25/09/2026,Trotting,SmT 1 Round - Fast (R.B.),0.0,
LIGHTNESS OF BEING,,0.0,0.0,Neutral,0.0,0.0,Neutral,Unknown,10.0,0.0,2026-05-17,4.0,50.0,CP/TT,0.0,1.0,K159,6.222222222222222,0.0,1.0,[],7.0,30.0,30.0,14/09/2026,Trotting,SmT 2 Round - Rev Fast (R.B.),0.0,
LIGHTNING ACE,,0.0,0.0,Neutral,0.0,0.0,Neutral,Unknown,6.0,0.0,2026-07-12,4.0,42.0,H/TT,0.0,0.0,L136,9.142857142857142,0.0,1.0,[],5.0,25.0,29.0,12/09/2026,Trotting,SmT 1 Round - Fast (R.B.),0.0,
LITTLE MONSTER,45.0,0.1,0.0,Sha Tin,0.0,0.0833333333333333,TURF,GOOD TO YIELDING,6.0,0.25,2026-07-15,4.0,51.0,H/TT,0.1,0.0,K391,5.75,0.1,1.0,['H/TT'],2.0,22.0,25.0,25/09/2026,Trotting,SmT 1 Round - Fast (R.B.),0.0,
LITTLE PARADISE,,,,,,,,,,,,,,,,0.0,K246,,,1.0,,4.0,29.0,25.0,25/09/2026,Trotting,SmT 1 Round - Fast (R.B.),0.0,
LIVE WIRE,51.0,0.0,0.5,Happy Valley,0.0,0.1428571428571428,TURF,GOOD,4.0,0.25,2026-06-10,4.0,51.0,B/XB,0.2,0.0,L142,2.857142857142857,0.5,1.0,['B/XB'],5.0,20.0,26.0,14/09/2026,Trotting,SmT 1 Round - Rev Fast (R.B.),0.0,
LOOKING BRIGHT,,0.0,0.0,Neutral,0.0,0.0,Neutral,GOOD,6.5,0.0,2026-07-08,4.0,58.0,H/TT,0.0,1.0,K315,2.7,0.0,1.0,[],7.0,30.0,30.0,12/09/2026,Trotting,SmT 1 Round - Fast (R.B.),0.0,
LOVE TOGETHER,73.0,0.5,0.1428571428571428,Sha Tin,0.0,0.2222222222222222,TURF,GOOD,5.75,0.25,2026-06-07,4.0,73.0,TT,0.3333333333333333,0.0,L052,8.0,0.25,1.0,['TT'],4.0,28.0,21.0,14/09/2026,Trotting,SmT 2 Round - Rev Fast (R.B.),0.0,
LOVELY MILES,,0.0,0.0,Neutral,0.0,0.0,Neutral,Unknown,8.0,0.0,2026-07-12,4.0,48.0,B,0.0,0.0,L165,11.0,0.0,1.0,[],7.0,31.0,28.0,12/09/2026,Trotting,SmT 1 Round - Fast (R.B.),0.0,
LOVING VIBES,,0.0,0.0,Neutral,0.0,0.0,Neutral,GOOD,3.5,0.0,2026-07-15,4.0,45.0,CP2/TT,0.0,0.0,J359,5.666666666666667,0.0,1.0,[],7.0,30.0,0.0,14/09/2026,Gallop,28.8 25.0 (53.8) (R.B.),0.0,
LUCK IS BACK,,0.0,0.0,Neutral,0.0,0.0,Neutral,GOOD,9.25,0.0,2026-07-15,4.0,46.0,B,0.0,0.0,J398,8.166666666666666,0.0,1.0,[],5.0,28.0,28.0,12/09/2026,Trotting,SmT 1 Round - Fast (R.B.),0.0,
LUCKY BALERION,,0.0,0.0,Neutral,0.0,0.0,Neutral,GOOD TO FIRM,4.75,0.0,2026-07-01,4.0,50.0,CP/TT,0.0,1.0,L125,6.2,0.0,1.0,[],7.0,30.0,29.0,12/09/2026,Trotting,SmT 1 Round - Fast (R.B.),0.0,
LUCKY CANDY,,0.0,0.0,Neutral,0.0,0.0,Neutral,GOOD TO FIRM,2.25,0.0,2026-07-01,4.0,63.0,CP/TT,0.0,0.0,L041,6.333333333333333,0.0,1.0,[],6.0,29.0,22.0,12/09/2026,Trotting,SmT 1 Round - Fast (R.B.),0.0,
LUCKY DOCTOR,,0.0,0.0,Neutral,0.0,0.0,Neutral,Unknown,9.25,0.0,2026-07-04,4.0,54.0,TT,0.0,0.0,L225,6.142857142857143,0.0,1.0,[],4.0,26.0,27.0,25/09/2026,Trotting,SmT 1 Round - Fast (R.B.),0.0,
LUCKY MAN,,,,,,,,,,,,,,,,0.0,J315,,,1.0,,5.0,28.0,21.0,25/09/2026,Trotting,SmT 1 Round - Fast (R.B.),0.0,
LUCKY MCQUEEN,51.0,0.0,0.3333333333333333,Happy Valley,0.0,0.1666666666666666,TURF,GOOD TO FIRM,4.75,0.25,2026-05-27,4.0,51.0,H/TT,0.2,0.0,K064,6.166666666666667,0.2,1.0,['H/TT'],6.0,27.0,28.0,14/09/2026,Trotting,SmT 1 Round - Rev Fast (R.B.),0.0,
LUCKY SAM GOR,,,,,,,,,,,,,,,,0.0,K114,,,1.0,,5.0,29.0,26.0,25/09/2026,Trotting,SmT 1 Round - Fast (R.B.),0.0,
LUCKY TWENTY,52.0,0.0,0.2,Happy Valley,0.0,0.1111111111111111,TURF,GOOD TO FIRM,10.75,0.0,2026-07-08,4.0,51.0,,0.1666666666666666,0.0,K392,4.111111111111111,0.0,1.0,[],,,,,,,,
LUCKY WITH YOU,,,,,,,,,,,,,,,,1.0,E356,,,1.0,,0.0,0.0,0.0,,,,0.0,
LUCKY YEAR,,0.0,0.0,Neutral,0.0,0.0,Neutral,GOOD,3.0,0.0,2026-07-08,4.0,51.0,,0.0,1.0,K443,6.0,0.0,1.0,[],6.0,28.0,27.0,12/09/2026,Trotting,SmT 1 Round - Fast (R.B.),0.0,
LUCY IN THE SKY,,0.0,0.0,Neutral,0.0,0.0,Neutral,GOOD,7.0,0.0,2026-09-06,4.0,71.0,TT,0.0,0.0,J275,3.333333333333333,0.0,1.0,[],4.0,25.0,21.0,12/09/2026,Trotting,SmT 1 Round - Fast (R.B.),0.0,
LUNAR DASH,53.0,0.0,0.3333333333333333,Happy Valley,0.0,0.1111111111111111,TURF,GOOD TO FIRM,8.5,0.0,2026-07-12,4.0,57.0,XB/B2,0.1428571428571428,0.0,K334,5.111111111111111,0.0,1.0,['B-'],7.0,22.0,29.0,12/09/2026,Trotting,SmT 1 Round - Fast (R.B.),0.0,
M M CONCORD,,,,,,,,,,,,,,,,0.0,L076,,,1.0,,5.0,27.0,27.0,25/09/2026,Trotting,SmT 1 Round - Fast (R.B.),0.0,
MACANESE MASTER,24.0,0.0,0.2857142857142857,Happy Valley,0.0,0.25,TURF,WET FAST,3.0,0.0,2026-09-09,4.0,35.0,V,0.0,0.0,J532,1.9166666666666667,0.1666666666666666,1.0,['V'],5.0,23.0,24.0,13/09/2026,Trotting,SmT 1 Round - Fast (R.B.),0.0,
MADE FOR LIFE,,0.0,0.0,Neutral,0.0,0.0,Neutral,Unknown,7.0,0.0,2026-07-04,4.0,40.0,CP/TT,0.0,1.0,L005,8.0,0.0,1.0,[],5.0,22.0,28.0,12/09/2026,Trotting,SmT 1 Round - Fast (R.B.),0.0,
MANYTHANKS FOREVER,25.0,0.1111111111111111,0.0,Sha Tin,0.0,0.0833333333333333,TURF,GOOD,7.0,0.0,2026-07-01,4.0,29.0,V/TT,0.1428571428571428,0.0,J065,4.666666666666667,0.1111111111111111,1.0,['V/TT'],5.0,28.0,24.0,12/09/2026,Trotting,SmT 1 Round - Fast (R.B.),0.0,
MARVEL AND GOLD,,0.0,0.0,Neutral,0.0,0.0,Neutral,Unknown,6.25,0.0,2026-09-09,4.0,40.0,E/TT,0.0,0.0,K109,7.916666666666667,0.0,1.0,[],,,,,,,,
MASSIVE SOVEREIGN,,0.0,0.0,Neutral,0.0,0.0,Neutral,Unknown,7.5,0.0,2026-07-12,4.0,104.0,CP-,0.0,0.0,J208,8.8,0.0,1.0,[],6.0,30.0,29.0,14/09/2026,Gallop,31.0 25.2 (56.2) (C L Chau),0.0,
MASTER CHAMPION,60.0,0.0,0.1666666666666666,Happy Valley,0.0,0.1,TURF,GOOD TO FIRM,9.5,0.0,2026-07-08,4.0,64.0,CP-/TT-,0.125,1.0,K266,3.6666666666666665,0.0,1.0,[],7.0,27.0,29.0,12/09/2026,Trotting,SmT 1 Round - Fast (R.B.),0.0,
MATTERS MOST,68.0,0.2857142857142857,0.0,Sha Tin,0.0,0.1666666666666666,TURF,GOOD,6.25,0.0,2026-07-01,4.0,68.0,B/TT,0.1666666666666666,0.0,K154,2.083333333333333,0.1666666666666666,1.0,['B/TT'],,,,,,,,
MAX QUE,80.0,0.25,0.25,Neutral,0.0,0.25,TURF,GOOD TO FIRM,4.0,0.0,2026-09-06,4.0,90.0,TT,0.5,0.0,J514,6.75,0.25,1.0,['TT'],6.0,26.0,25.0,14/09/2026,Gallop,29.1 24.0 (53.1) (R.B.),0.0,
MEANINGFUL DRAGON,60.0,0.4285714285714285,0.0,Sha Tin,0.0,0.4285714285714285,TURF,GOOD TO YIELDING,6.0,0.5,2026-07-12,4.0,66.0,B,0.5,0.0,H453,3.142857142857143,0.5,1.0,['B'],7.0,25.0,29.0,12/09/2026,Trotting,SmT 1 Round - Fast (R.B.),0.0,
MEGA MASTERMIND,49.0,0.125,0.0,Sha Tin,0.0,0.1111111111111111,TURF,GOOD TO FIRM,7.0,0.0,2026-07-01,4.0,56.0,V/TT,0.2,0.0,L044,3.6666666666666665,0.1666666666666666,1.0,['V/TT'],6.0,25.0,27.0,12/09/2026,Trotting,SmT 1 Round - Fast (R.B.),0.0,
METRO POWER,65.0,0.0,0.1428571428571428,Happy Valley,0.0,0.0909090909090909,TURF,GOOD TO FIRM,4.75,0.0,2026-07-01,4.0,70.0,CP,0.0,0.0,K408,2.083333333333333,0.0,1.0,[],8.0,24.0,29.0,11/09/2026,Swimming,,0.0,
MICKLEY,,0.0,0.0,Neutral,0.0,0.0,Neutral,GOOD,8.25,0.0,2026-07-01,4.0,72.0,TT,0.0,1.0,K082,10.333333333333334,0.0,1.0,[],6.0,29.0,27.0,12/09/2026,Trotting,SmT 1 Round - Fast (R.B.),0.0,
MIGHTY COMMANDER,69.0,0.3333333333333333,0.1111111111111111,Sha Tin,0.0,0.1818181818181818,TURF,GOOD TO FIRM,5.5,0.25,2026-06-24,4.0,75.0,TT,0.0,1.0,J360,9.25,0.1666666666666666,1.0,['TT'],2.0,29.0,23.0,25/09/2026,Trotting,SmT 2 Round - Fast (R.B.),0.0,
MIGHTY FIGHTER,,0.0,0.0,Neutral,0.0,0.0,Neutral,GOOD TO YIELDING,6.75,0.0,2026-06-13,4.0,49.0,TT,0.0,0.0,L132,8.0,0.0,1.0,[],7.0,30.0,29.0,12/09/2026,Trotting,SmT 1 Round - Fast (R.B.),0.0,
MIGHTY STEED,60.0,0.0,0.1111111111111111,Happy Valley,0.0,0.0833333333333333,TURF,GOOD,5.5,0.25,2026-09-09,4.0,60.0,CP,0.1111111111111111,0.0,J384,2.833333333333333,0.0833333333333333,1.0,['CP'],,,,,,,,
MISSION GIANT,,0.0,0.0,Neutral,0.0,0.0,Neutral,Unknown,10.0,0.0,2026-07-04,4.0,59.0,V,0.0,0.0,K577,7.4,0.0,1.0,[],,,,,,,,
MISTER DAPPER,,,,,,,,,,,,,,,,0.0,H376,,,1.0,,3.0,24.0,25.0,25/09/2026,Trotting,SmT 1 Round - Fast (R.B.),0.0,
MONARCH COUNTY,57.0,0.1428571428571428,0.2,Happy Valley,0.0,0.1666666666666666,TURF,GOOD TO FIRM,4.25,0.25,2026-07-12,4.0,66.0,TT,0.1428571428571428,0.0,J421,8.166666666666666,0.0,1.0,"['B-/TT', 'B/TT']",5.0,26.0,20.0,12/09/2026,Trotting,AWT 1 Round - Fast (R.B.),0.0,
MONEY GAMES,,0.0,0.0,Neutral,0.0,0.0,Neutral,Unknown,7.0,0.0,,4.0,,,0.0,0.0,L402,6.0,0.0,1.0,[],5.0,25.0,0.0,12/09/2026,Trotting,SmT 1 Round - Fast (R.B.),0.0,
MOTOR,67.0,0.25,0.5,Happy Valley,0.0,0.3333333333333333,TURF,GOOD TO FIRM,2.0,0.5,2026-07-01,4.0,67.0,B/TT,0.4,0.0,K165,6.083333333333333,0.3,1.0,"['B/TT', 'CP-/B1/TT']",,,,,,,,
MR GOOD VIBES,23.0,0.1,0.0,Sha Tin,0.0,0.0833333333333333,TURF,GOOD TO YIELDING,9.75,0.0,2026-07-04,4.0,27.0,B,0.0,0.0,H180,9.333333333333334,0.0,1.0,['B/TT-'],4.0,21.0,27.0,25/09/2026,Trotting,TroR TroR Canter (R.B.),0.0,
MUGEN,,,,,,,,,,,,,,,,0.0,H338,,,1.0,,8.0,21.0,0.0,25/09/2026,Trotting,SmT 1 Round - Fast (R.B.),0.0,
MULTISUPERSTAR,,0.0,0.0,Neutral,0.0,0.0,Neutral,Unknown,7.25,0.0,2026-06-21,4.0,40.0,CP/TT,0.0,0.0,L163,9.4,0.0,1.0,[],6.0,30.0,28.0,12/09/2026,Trotting,SmT 1 Round - Fast (R.B.),0.0,
NATURAL HIGH,,,,,,,,,,,,,,,,0.0,J365,,,1.0,,7.0,27.0,25.0,25/09/2026,Trotting,SmT 1 Round - Fast (R.B.),0.0,
NAVAS G,,,,,,,,,,,,,,,,0.0,L194,,,1.0,,5.0,19.0,20.0,25/09/2026,Trotting,SmT 1 Round - Fast (R.B.),0.0,
NO OTHER CHOICE,,0.0,0.0,Neutral,0.0,0.0,Neutral,GOOD TO YIELDING,7.75,0.0,2026-06-27,4.0,36.0,B1/TT,0.0,1.0,K049,6.083333333333333,0.0,1.0,[],,,,,,,,
NOBLE DELUXE,,,,,,,,,,,,,,,,0.0,K052,,,1.0,,5.0,30.0,28.0,25/09/2026,Trotting,SmT 1 Round - Fast (R.B.),0.0,
NOBLE FANS,30.0,0.125,0.0,Sha Tin,0.0,0.0833333333333333,TURF,GOOD TO YIELDING,6.75,0.25,2026-09-09,4.0,35.0,B/TT,0.1111111111111111,1.0,K038,7.166666666666667,0.0833333333333333,1.0,['B/TT'],,,,,,,,
NOBLE SUPERIOR,,0.0,0.0,Neutral,0.0,0.0,Neutral,Unknown,10.0,0.0,2026-07-12,4.0,52.0,SR1/TT,0.0,0.0,L392,4.5,0.0,1.0,[],5.0,28.0,4.0,12/09/2026,Trotting,SmT 1 Round - Fast (R.B.),0.0,
NOISY BOY,,0.0,0.0,Neutral,0.0,0.0,Neutral,Unknown,6.75,0.0,2026-06-27,4.0,60.0,TT,0.0,0.0,J536,6.75,0.0,1.0,[],7.0,27.0,26.0,14/09/2026,Gallop,29.0 25.5 (54.5) (Z Purton),0.0,
NORTHERN FIRE BALL,60.0,0.25,0.125,Sha Tin,0.0,0.1666666666666666,TURF,GOOD TO YIELDING,6.25,0.25,2026-07-08,4.0,68.0,TT,0.2222222222222222,1.0,J488,2.090909090909091,0.25,1.0,"['CP-/TT', 'TT']",5.0,24.0,18.0,25/09/2026,Trotting,SmT 1 Round - Fast (R.B.),0.0,
NOT USUAL DOUBLE,,,,,,,,,,,,,,,,0.0,L464,,,1.0,,6.0,27.0,28.0,25/09/2026,Trotting,SmT 1 Round - Fast (R.B.),0.0,
NOTTHESILLYONE,59.0,0.3333333333333333,0.6666666666666666,Happy Valley,0.3333333333333333,0.6666666666666666,TURF,GOOD,5.0,0.5,2026-06-13,4.0,66.0,TT,0.3,0.0,J383,2.9166666666666665,0.4166666666666667,1.0,['TT'],2.0,27.0,22.0,25/09/2026,Trotting,SmT 1 Round - Fast (R.B.),0.0,
NUCLEOZOR,,,,,,,,,,,,,,,,0.0,K285,,,1.0,,7.0,20.0,27.0,25/09/2026,Trotting,SmT 1 Round - Fast (R.B.),0.0,
NYX GLUCK,57.0,0.1666666666666666,0.0,Sha Tin,0.0,0.1666666666666666,TURF,GOOD TO FIRM,2.5,0.25,2026-07-01,4.0,57.0,CP-,0.2222222222222222,0.0,K438,7.166666666666667,1.0,1.0,['CP-'],4.0,31.0,29.0,12/09/2026,Trotting,SmT 2 Round - Fast (R.B.),0.0,
OCEAN IMPACT,47.0,0.0,0.1428571428571428,Happy Valley,0.0,0.0909090909090909,TURF,GOOD TO FIRM,6.0,0.0,2026-07-15,4.0,43.0,CP/SR,0.1111111111111111,0.0,J502,6.416666666666667,0.0,1.0,['CP-/B1'],5.0,26.0,2.0,14/09/2026,Trotting,SmT 2 Round - Rev Fast (R.B.),0.0,
OLDTOWN,50.0,0.1666666666666666,0.0,Sha Tin,0.0,0.1666666666666666,TURF,GOOD,3.5,0.25,2026-07-12,4.0,57.0,B/XB,0.3333333333333333,0.0,K105,8.333333333333334,0.3333333333333333,1.0,"['B/XB', 'TT']",7.0,23.0,29.0,12/09/2026,Trotting,SmT 1 Round - Fast (R.B.),0.0,
ONLY U,,,,,,,,,,,,,,,,0.0,J037,,,1.0,,8.0,28.0,29.0,25/09/2026,Trotting,AWT 1 Round - Fast (R.B.),0.0,
ORIENTAL SURPRISE,,0.0,0.0,Neutral,0.0,0.0,Neutral,GOOD,4.75,0.0,2026-09-09,4.0,24.0,B/TT,0.0,1.0,K028,5.833333333333333,0.0,1.0,[],,,,,,,,
PACKING ANGEL,85.0,0.1,0.5,Happy Valley,0.0,0.1666666666666666,TURF,GOOD TO FIRM,4.0,0.25,2026-07-12,4.0,93.0,XB,0.0,1.0,J454,6.666666666666667,0.125,1.0,"['TT', 'XB']",5.0,24.0,0.0,14/09/2026,Gallop,29.3 25.8 (55.1) (R.B.),0.0,
PACKING FIGHTER,,,,,,,,,,,,,,,,0.0,L112,,,1.0,,5.0,30.0,18.0,25/09/2026,Trotting,SmT 1 Round - Fast (R.B.),0.0,
PACKING KING,,,,,,,,,,,,,,,,0.0,K570,,,1.0,,5.0,30.0,24.0,25/09/2026,Trotting,SmT 1 Round - Fast (R.B.),0.0,
PAKISTAN LEGACY,,,,,,,,,,,,,,,,1.0,J363,,,1.0,,6.0,23.0,28.0,25/09/2026,Trotting,SmT 1 Round - Fast (R.B.),0.0,
PARENTS' LOVE,57.0,0.1428571428571428,0.0,Sha Tin,0.0,0.0909090909090909,TURF,GOOD TO FIRM,6.25,0.0,2026-07-08,4.0,62.0,H/TT,0.0909090909090909,0.0,H405,3.909090909090909,0.0909090909090909,1.0,['H/TT'],7.0,30.0,30.0,14/09/2026,Trotting,SmT 2 Round - Rev Fast (R.B.),0.0,
PARROT BLESSING,,0.0,0.0,Neutral,0.0,0.0,Neutral,Unknown,10.5,0.0,2026-07-01,4.0,52.0,H/P/XB1/TT,0.0,0.0,L063,8.5,0.0,1.0,[],5.0,22.0,0.0,12/09/2026,Trotting,SmT 1 Round - Fast (A.T.),0.0,
PATCH OF THETA,,,,,,,,,,,,,,,,0.0,H485,,,1.0,,6.0,24.0,28.0,25/09/2026,Trotting,SmT 1 Round - Fast (R.B.),0.0,
PEARL OF PANG'S,41.0,0.0833333333333333,0.0,Sha Tin,0.0,0.0833333333333333,TURF,GOOD,11.5,0.0,2026-07-12,4.0,45.0,B/TT,0.1,1.0,J447,5.25,0.0833333333333333,1.0,['B/TT'],6.0,31.0,22.0,12/09/2026,Trotting,SmT 1 Round - Fast (R.B.),0.0,
PERFECT PEACH,29.0,0.1111111111111111,0.0,Sha Tin,0.0,0.1,TURF,GOOD,11.0,0.0,2026-04-29,4.0,32.0,B-/TT,0.0,0.0,E488,8.75,0.0,1.0,['B/TT'],0.0,0.0,0.0,,,,0.0,
PERIDOT,,0.0,0.0,Neutral,0.0,0.0,Neutral,GOOD TO FIRM,6.25,0.0,2026-07-04,4.0,40.0,H/P/TT,0.0,0.0,K148,8.333333333333334,0.0,1.0,[],7.0,27.0,30.0,12/09/2026,Trotting,SmT 1 Round - Fast (R.B.),0.0,
POPE CODY,,0.0,0.0,Neutral,0.0,0.0,Neutral,GOOD,5.0,0.0,2026-07-08,4.0,71.0,TT,0.0,0.0,K313,8.75,0.0,1.0,[],5.0,30.0,0.0,14/09/2026,Trotting,AWT 1 Round - Fast (R.B.),0.0,
POWER KOEPP,63.0,0.0,0.1,Happy Valley,0.0,0.0909090909090909,TURF,GOOD TO FIRM,4.25,0.25,2026-07-08,4.0,68.0,B,0.0833333333333333,0.0,E301,5.5,0.5,1.0,['B'],,,,,,,,
PRECISION HOPE,,0.0,0.0,Neutral,0.0,0.0,Neutral,GOOD,3.25,0.0,2026-09-09,4.0,45.0,,0.0,0.0,L047,8.9,0.0,1.0,[],,,,,,,,
PRECISION MIND,,0.0,0.0,Neutral,0.0,0.0,Neutral,Unknown,10.0,0.0,2026-09-06,4.0,46.0,XB/TT,0.0,1.0,L296,6.5,0.0,1.0,[],5.0,27.0,16.0,12/09/2026,Trotting,SmT 1 Round - Fast (H T Mo),0.0,
PRESTIGE SUPERIOR,,,,,,,,,,,,,,,,0.0,K383,,,1.0,,5.0,21.0,20.0,25/09/2026,Trotting,SmT 1 Round - Fast (R.B.),0.0,
PRESTIGE WIN,,0.0,0.0,Neutral,0.0,0.0,Neutral,Unknown,9.75,0.0,2026-06-27,4.0,58.0,,0.0,1.0,L248,7.4,0.0,1.0,[],,,,,,,,
PRIME ACE,,0.0,0.0,Neutral,0.0,0.0,Neutral,Unknown,7.0,0.0,,4.0,,,0.0,0.0,L443,6.0,0.0,1.0,[],6.0,30.0,29.0,12/09/2026,Trotting,SmT 1 Round - Fast (R.B.),0.0,
PRIME SUCCESS,,,,,,,,,,,,,,,,1.0,L300,,,1.0,,4.0,25.0,3.0,25/09/2026,Trotting,Riverside Canter (R.B.),0.0,
PRINCE ALEX,,,,,,,,,,,,,,,,0.0,G307,,,1.0,,4.0,22.0,0.0,25/09/2026,Trotting,SmT 1 Round - Fast (R.B.),0.0,
QUANTUM LEGEND,,,,,,,,,,,,,,,,0.0,L268,,,1.0,,5.0,26.0,30.0,25/09/2026,Trotting,SmT 1 Round - Fast (R.B.),0.0,
QUANTUM WUKONG,,0.0,0.0,Neutral,0.0,0.0,Neutral,GOOD TO YIELDING,3.333333333333333,0.0,2026-07-04,4.0,,TT,0.0,0.0,L393,6.666666666666667,0.0,1.0,[],6.0,30.0,28.0,12/09/2026,Trotting,SmT 1 Round - Fast (Y L Chung),0.0,
RAPID PHANTOM,,,,,,,,,,,,,,,,0.0,L204,,,1.0,,3.0,28.0,26.0,24/09/2026,Swimming,nan,0.0,
RATTAN GALAXY,,0.0,0.0,Neutral,0.0,0.0,Neutral,GOOD TO FIRM,7.0,0.0,2026-07-12,4.0,34.0,V/TT,0.0,0.0,K143,7.333333333333333,0.0,1.0,[],6.0,31.0,21.0,12/09/2026,Trotting,SmT 1 Round - Fast (R.B.),0.0,
RED ELEGANCE,,0.0,0.0,Neutral,0.0,0.0,Neutral,Unknown,9.75,0.0,2026-07-01,4.0,67.0,B,0.0,1.0,H241,6.75,0.0,1.0,[],4.0,26.0,1.0,14/09/2026,Trotting,SmT 1 Round - Rev Fast (R.B.),0.0,
REFUSETOBEENGLISH,,0.0,0.0,Neutral,0.0,0.0,Neutral,GOOD,4.75,0.0,2026-07-04,4.0,63.0,B,0.0,0.0,K362,9.333333333333334,0.0,1.0,[],6.0,29.0,29.0,14/09/2026,Gallop,31.6 25.8 (57.4) (K C Leung),0.0,
RIDING TOGETHER,,,,,,,,,,,,,,,,1.0,K081,,,1.0,,3.0,23.0,29.0,25/09/2026,Trotting,SmT 1 Round - Fast (R.B.),0.0,
RISING ELITE,,,,,,,,,,,,,,,,0.0,K544,,,1.0,,4.0,25.0,26.0,25/09/2026,Trotting,SmT 1 Round - Fast (R.B.),0.0,
RISING FORCE,,,,,,,,,,,,,,,,0.0,K236,,,1.0,,5.0,25.0,25.0,25/09/2026,Trotting,SmT 1 Round - Fast (R.B.),0.0,
RISING PHOENIX,58.0,0.3,0.0,Sha Tin,0.0,0.25,TURF,GOOD TO FIRM,5.0,0.25,2026-07-12,4.0,58.0,B,0.6,0.0,J498,8.166666666666666,0.25,1.0,['B'],7.0,24.0,30.0,12/09/2026,Trotting,SmT 1 Round - Fast (R.B.),0.0,
ROAD TO GLORY,,0.0,0.0,Neutral,0.0,0.0,Neutral,GOOD TO YIELDING,2.0,0.0,2026-07-04,4.0,52.0,B1,0.0,0.0,L415,12.0,0.0,1.0,[],7.0,25.0,28.0,12/09/2026,Trotting,SmT 1 Round - Fast (R.B.),0.0,
ROBOT KNIGHT,,,,,,,,,,,,,,,,0.0,H464,,,1.0,,6.0,31.0,21.0,25/09/2026,Trotting,SmT 1 Round - Fast (R.B.),0.0,
ROBOT LUCKY STAR,52.0,0.3333333333333333,0.0,Sha Tin,0.0,0.125,TURF,GOOD TO FIRM,6.0,0.0,2026-07-08,4.0,61.0,,0.25,0.0,K485,6.5,0.0,1.0,[],,,,,,,,
ROMANTIC FANTASY,40.0,0.1666666666666666,0.0,Sha Tin,0.0,0.0833333333333333,TURF,YIELDING,7.0,0.25,2026-06-27,4.0,45.0,,0.0,0.0,H168,7.75,0.0,1.0,[],5.0,25.0,28.0,14/09/2026,Trotting,SmT 1 Round - Rev Fast (R.B.),0.0,
ROMANTIC GLADIATOR,63.0,0.0,0.2,Happy Valley,0.0,0.1666666666666666,TURF,GOOD,2.75,0.25,2026-06-24,4.0,69.0,TT,0.25,0.0,L240,4.333333333333333,0.2,1.0,['TT'],5.0,31.0,27.0,14/09/2026,Trotting,SmT 2 Round - Rev Fast (R.B.),0.0,
ROMANTIC LAOS,,0.0,0.0,Neutral,0.0,0.0,Neutral,GOOD,4.75,0.0,2026-09-09,4.0,50.0,CP/TT,0.0,0.0,G476,7.0,0.0,1.0,[],0.0,0.0,0.0,,,,0.0,
ROSEWOOD FLEETFOOT,38.0,0.0,0.4,Happy Valley,0.0,0.1818181818181818,TURF,GOOD,2.75,0.5,2026-06-24,4.0,38.0,V/TT,0.6666666666666666,0.0,J524,8.181818181818182,0.4,1.0,['V/TT'],6.0,28.0,28.0,14/09/2026,Gallop,24.5 (24.5) (K Teetan),0.0,
RUBY THRIVE,,0.0,0.0,Neutral,0.0,0.0,Neutral,GOOD,6.5,0.0,2026-09-06,4.0,50.0,H/TT,0.0,0.0,L098,5.75,0.0,1.0,[],5.0,30.0,20.0,12/09/2026,Trotting,SmT 1 Round - Fast (R.B.),0.0,
RUN RUN SMART,60.0,0.25,0.25,Neutral,0.0,0.2727272727272727,TURF,GOOD,2.75,0.25,2026-06-27,4.0,69.0,TT,0.0,0.0,K080,2.333333333333333,0.25,1.0,['TT'],7.0,30.0,29.0,12/09/2026,Trotting,SmT 1 Round - Fast (R.B.),0.0,
RUN RUN SUNRISE,,,,,,,,,,,,,,,,0.0,K552,,,1.0,,6.0,28.0,0.0,25/09/2026,Trotting,SmT 1 Round - Fast (R.B.),0.0,
RUNJEET,,0.0,0.0,Neutral,0.0,0.0,Neutral,Unknown,7.25,0.0,2026-09-06,4.0,33.0,,0.0,0.0,K276,6.909090909090909,0.0,1.0,[],0.0,0.0,0.0,,,,0.0,
RUSSET GLOW,,0.0,0.0,Neutral,0.0,0.0,Neutral,GOOD,8.5,0.0,2026-07-04,4.0,45.0,B/TT,0.0,0.0,L059,9.285714285714286,0.0,1.0,[],4.0,31.0,28.0,12/09/2026,Trotting,SmT 1 Round - Fast (R.B.),0.0,
RYUI KOKOROE,,0.0,0.0,Neutral,0.0,0.0,Neutral,Unknown,8.5,0.0,2026-07-12,4.0,51.0,BO-/SB2,0.0,1.0,L120,10.454545454545457,0.0,1.0,[],6.0,21.0,26.0,25/09/2026,Trotting,SmT 1 Round - Fast (R.B.),0.0,
SAGACIOUS LIFE,90.0,0.25,0.0,Sha Tin,0.0,0.25,TURF,GOOD TO YIELDING,9.0,0.0,2026-07-12,4.0,97.0,TT,0.3333333333333333,0.0,K507,4.375,0.1428571428571428,1.0,"['TT', 'TT1']",4.0,28.0,24.0,14/09/2026,Gallop,28.9 25.8 (54.7) (R.B.),0.0,
SALON S,,,,,,,,,,,,,,,,0.0,K585,,,1.0,,7.0,30.0,29.0,25/09/2026,Trotting,SmT 1 Round - Fast (R.B.),0.0,
SAMARKAND,60.0,0.0,0.0833333333333333,Happy Valley,0.0,0.0833333333333333,TURF,GOOD,5.0,0.0,2026-06-24,4.0,66.0,,0.0909090909090909,1.0,H070,2.727272727272727,0.0,1.0,['CP/TT'],,,,,,,,
SAME TO YOU,,0.0,0.0,Neutral,0.0,0.0,Neutral,GOOD TO FIRM,7.5,0.0,2026-06-27,4.0,43.0,BL/H/P/TT,0.0,0.0,H057,7.75,0.0,1.0,[],5.0,31.0,27.0,14/09/2026,Trotting,SmT 2 Round - Rev Fast (R.B.),0.0,
SAVVY BRILLIANT,,0.0,0.0,Neutral,0.0,0.0,Neutral,Unknown,7.5,0.0,2026-07-04,4.0,72.0,XB/TT,0.0,1.0,J437,10.090909090909092,0.0,1.0,[],7.0,30.0,29.0,12/09/2026,Trotting,SmT 1 Round - Fast (A.T.),0.0,
SEA DIAMOND,,0.0,0.0,Neutral,0.0,0.0,Neutral,Unknown,8.75,0.0,2026-06-21,4.0,44.0,XB/TT,0.0,0.0,L072,7.833333333333333,0.0,1.0,[],7.0,31.0,11.0,12/09/2026,Trotting,SmT 2 Round - Fast (R.B.),0.0,
SERANGOON,47.0,0.125,0.0,Sha Tin,0.0,0.0909090909090909,TURF,GOOD,7.0,0.0,2026-07-15,4.0,51.0,B/TT,0.25,0.0,H296,11.416666666666666,0.125,1.0,['B/TT'],7.0,30.0,30.0,14/09/2026,Trotting,SmT 2 Round - Rev Fast (R.B.),0.0,
SHAMUS STORM,,,,,,,,,,,,,,,,1.0,K031,,,1.0,,5.0,23.0,27.0,24/09/2026,Swimming,nan,0.0,
SHAMZ,53.0,0.0,0.5,Happy Valley,0.0,0.1,TURF,GOOD,8.5,0.25,2026-07-15,4.0,53.0,TT,0.3333333333333333,0.0,L097,7.818181818181818,0.1,1.0,['TT'],,,,,,,,
SHOOTING TO TOP,50.0,0.0,0.2,Happy Valley,0.0,0.1666666666666666,TURF,GOOD,3.0,0.25,2026-07-08,4.0,55.0,B/TT,0.2,0.0,L039,5.166666666666667,0.2,1.0,['B/TT'],,,,,,,,
SHOW ME YOUR LOVE,,,,,,,,,,,,,,,,0.0,L355,,,1.0,,5.0,18.0,27.0,25/09/2026,Trotting,SmT 1 Round - Fast (R.B.),0.0,
SILVER UP,,0.0,0.0,Neutral,0.0,0.0,Neutral,GOOD TO FIRM,6.0,0.0,2026-07-12,4.0,40.0,,0.0,1.0,J078,9.0,0.0,1.0,[],3.0,25.0,11.0,25/09/2026,Trotting,SmT 1 Round - Fast (R.B.),0.0,
SILVERY BREEZE,86.0,0.0,0.375,Happy Valley,0.0,0.25,TURF,GOOD TO FIRM,3.0,0.25,2026-07-12,4.0,92.0,CP/TT,0.0,1.0,K057,7.583333333333333,0.3333333333333333,1.0,['CP/TT'],2.0,24.0,27.0,14/09/2026,Trotting,SmT 2 Round - Rev Fast (R.B.),0.0,
SKY DEEP,53.0,0.1111111111111111,0.0,Sha Tin,0.0,0.125,TURF,GOOD,3.75,0.0,2026-07-15,4.0,58.0,PC/XB,0.0,0.0,K041,4.2,0.0,1.0,['V/XB'],,,,,,,,
SKY TRUST,,,,,,,,,,,,,,,,0.0,J161,,,1.0,,2.0,25.0,19.0,25/09/2026,Trotting,SmT 2 Round - Fast (R.B.),0.0,
SMART CITY,,0.0,0.0,Neutral,0.0,0.0,Neutral,GOOD TO FIRM,10.25,0.0,2026-06-24,4.0,35.0,CP-/V2,0.0,0.0,J213,4.083333333333333,0.0,1.0,[],5.0,29.0,27.0,14/09/2026,Trotting,AWT 1 Round - Fast (R.B.),0.0,
SMILING ONE,,0.0,0.0,Neutral,0.0,0.0,Neutral,Unknown,9.75,0.0,2026-07-04,4.0,45.0,B/TT,0.0,1.0,K336,10.166666666666666,0.0,1.0,[],7.0,29.0,27.0,14/09/2026,Trotting,SmT 2 Round - Rev Fast (R.B.),0.0,
SO MY FOLKS,,,,,,,,,,,,,,,,0.0,K456,,,1.0,,4.0,28.0,25.0,25/09/2026,Trotting,SmT 1 Round - Fast (R.B.),0.0,
SOLAR RIVER,,0.0,0.0,Neutral,0.0,0.0,Neutral,GOOD,7.75,0.0,2026-09-09,4.0,32.0,CP/TT,0.0,0.0,J308,4.5,0.0,1.0,[],5.0,26.0,22.0,14/09/2026,Trotting,Penfold Canter (A.T.),0.0,
SOLEIL FIGHTER,,,,,,,,,,,,,,,,0.0,J127,,,1.0,,5.0,20.0,26.0,25/09/2026,Gallop,28.6 (28.6) (R.B.),0.0,
SOLID STATE,66.0,1.0,0.0,Sha Tin,0.0,1.0,TURF,GOOD TO YIELDING,1.0,1.0,2026-07-04,4.0,66.0,CP-/XB-/TT,1.0,0.0,L411,1.0,1.0,1.0,['CP-/XB-/TT'],7.0,30.0,28.0,12/09/2026,Trotting,SmT 1 Round - Fast (R.B.),0.0,
SOLID WIN,69.0,0.25,0.25,Neutral,0.0,0.25,TURF,GOOD,5.0,0.25,2026-05-27,4.0,77.0,BR,0.2857142857142857,0.0,J225,8.666666666666666,0.2222222222222222,1.0,"['BR', 'BR1/TT-']",4.0,25.0,25.0,25/09/2026,Trotting,SmT 1 Round - Fast (R.B.),0.0,
SOMELOVEFROMABOVE,53.0,0.0,0.375,Happy Valley,0.0,0.25,TURF,GOOD,4.5,0.25,2026-07-15,4.0,61.0,PC-,0.0,1.0,J503,4.916666666666667,0.0,1.0,"['PC', 'XB-']",5.0,27.0,25.0,14/09/2026,Gallop,29.4 25.5 (54.9) (R.B.),0.0,
SOO KOO,,,,,,,,,,,,,,,,1.0,L008,,,1.0,,5.0,26.0,28.0,25/09/2026,Trotting,SmT 1 Round - Fast (R.B.),0.0,
SOVEREIGN FUND,72.0,0.3333333333333333,0.1111111111111111,Sha Tin,0.0,0.1666666666666666,TURF,GOOD,5.25,0.25,2026-06-27,4.0,72.0,CP,0.5,1.0,J402,6.0,0.5,1.0,"['B-/TT-', 'CP']",7.0,29.0,0.0,12/09/2026,Trotting,SmT 1 Round - Fast (R.B.),0.0,
SPEED DRAGON,93.0,0.0,0.5,Happy Valley,0.0,0.25,TURF,GOOD TO FIRM,3.5,0.25,2026-05-13,4.0,101.0,B,0.0,0.0,H380,10.090909090909092,0.2727272727272727,1.0,['B'],7.0,25.0,29.0,14/09/2026,Gallop,30.6 25.2 (55.8) (R.B.),0.0,
SPEEDY PATCH,,0.0,0.0,Neutral,0.0,0.0,Neutral,Unknown,7.0,0.0,2026-07-12,4.0,50.0,TT1,0.0,1.0,L104,8.333333333333334,0.0,1.0,[],6.0,31.0,20.0,12/09/2026,Trotting,SmT 1 Round - Fast (R.B.),0.0,
SPEEDY SMARTIE,,,,,,,,,,,,,,,,0.0,H108,,,1.0,,6.0,30.0,8.0,25/09/2026,Trotting,SmT 1 Round - Fast (R.B.),0.0,
SPEEDY TRIDENT,,0.0,0.0,Neutral,0.0,0.0,Neutral,GOOD TO FIRM,4.75,0.0,2026-07-12,4.0,27.0,,0.0,0.0,K230,7.75,0.0,1.0,[],3.0,45.0,0.0,12/09/2026,Trotting,TroR TroR Canter (R.B.),0.0,
SPICY SPANGLE,,0.0,0.0,Neutral,0.0,0.0,Neutral,GOOD,4.25,0.0,2026-07-08,4.0,33.0,H/TT,0.0,0.0,J087,2.583333333333333,0.0,1.0,[],5.0,28.0,25.0,14/09/2026,Trotting,SmT 1 Round - Rev Fast (R.B.),0.0,
SPIRITED STEED,,0.0,0.0,Neutral,0.0,0.0,Neutral,GOOD TO FIRM,6.666666666666667,0.0,2026-07-12,4.0,50.0,,0.0,0.0,L278,8.0,0.0,1.0,[],7.0,24.0,28.0,12/09/2026,Trotting,SmT 1 Round - Fast (R.B.),0.0,
STAR BROSE,38.0,0.0,0.1428571428571428,Happy Valley,0.0,0.0909090909090909,TURF,GOOD,5.25,0.0,2026-06-27,4.0,41.0,CP/TT,0.0,0.0,J463,8.916666666666666,0.1,1.0,['CP/TT'],7.0,26.0,27.0,14/09/2026,Gallop,30.1 27.3 (57.4) (M L Yeung),0.0,
STAR OF HEARTS,,0.0,0.0,Neutral,0.0,0.0,Neutral,Unknown,5.0,0.0,2026-06-13,4.0,52.0,,0.0,0.0,L271,9.0,0.0,1.0,[],5.0,25.0,29.0,14/09/2026,Gallop,"26.2 22.8 (49.0) (C Y Ho) Prestige Always, Happy Special",0.0,
STARRY SHOW,44.0,0.0,0.1666666666666666,Happy Valley,0.0,0.0909090909090909,TURF,GOOD,6.75,0.25,2026-07-15,4.0,44.0,B,0.1111111111111111,0.0,L074,9.5,0.3333333333333333,1.0,['B'],8.0,24.0,27.0,14/09/2026,Gallop,27.0 (27.0) (R.B.),0.0,
STAY COSMIC,,0.0,0.0,Neutral,0.0,0.0,Neutral,Unknown,9.5,0.0,2026-07-04,4.0,74.0,,0.0,0.0,L372,8.5,0.0,1.0,[],8.0,24.0,29.0,12/09/2026,Trotting,SmT 1 Round - Fast (R.B.),0.0,
STORM MIRROR,,0.0,0.0,Neutral,0.0,0.0,Neutral,GOOD TO FIRM,4.0,0.0,2026-07-01,4.0,52.0,B,0.0,0.0,L179,6.666666666666667,0.0,1.0,[],5.0,28.0,28.0,12/09/2026,Trotting,SmT 1 Round - Fast (R.B.),0.0,
STORM RIDER,,,,,,,,,,,,,,,,0.0,J027,,,1.0,,5.0,23.0,27.0,24/09/2026,Swimming,nan,0.0,
STORMING DRAGON,60.0,0.0,0.0909090909090909,Happy Valley,0.0,0.0833333333333333,TURF,GOOD,5.25,0.25,2026-06-27,4.0,67.0,B/TT,0.0,0.0,J237,8.916666666666666,0.0,1.0,['B2/TT'],,,,,,,,
STORMY GROVE,,,,,,,,,,,,,,,,0.0,K478,,,1.0,,7.0,30.0,29.0,25/09/2026,Trotting,SmT 1 Round - Fast (R.B.),0.0,
STORMY KNIGHT,,0.0,0.0,Neutral,0.0,0.0,Neutral,Unknown,8.5,0.0,2026-09-09,4.0,39.0,,0.0,0.0,L062,10.0,0.0,1.0,[],3.0,21.0,25.0,24/09/2026,Swimming,nan,0.0,
STRAIGHT TO GLORY,70.0,0.2857142857142857,0.4,Happy Valley,0.0,0.3333333333333333,TURF,GOOD TO FIRM,4.5,0.5,2026-07-01,4.0,70.0,H/TT,0.4,0.0,K340,6.0,0.4,1.0,['H/TT'],6.0,20.0,20.0,12/09/2026,Trotting,SmT 1 Round - Fast (R.B.),0.0,
STRATHPEFFER,45.0,0.0833333333333333,0.0,Sha Tin,0.0,0.0833333333333333,TURF,GOOD TO FIRM,5.0,0.0,2026-07-01,4.0,52.0,B,0.0833333333333333,1.0,H095,5.083333333333333,0.0833333333333333,1.0,['B'],5.0,25.0,0.0,12/09/2026,Trotting,SmT 1 Round - Fast (R.B.),0.0,
STURDY RUBY,60.0,0.0,0.125,Happy Valley,0.0,0.125,TURF,GOOD,6.25,0.0,2026-07-08,4.0,58.0,B,0.1,0.0,H207,9.166666666666666,0.0,1.0,['B/TT'],,,,,,,,
SUNDAY'S SERENADE,,0.0,0.0,Neutral,0.0,0.0,Neutral,GOOD TO YIELDING,3.75,0.0,2026-07-04,4.0,57.0,B/TT,0.0,1.0,J231,8.75,0.0,1.0,[],,,,,,,,
SUPER DRAGON,,,,,,,,,,,,,,,,0.0,K389,,,1.0,,6.0,23.0,29.0,25/09/2026,Trotting,SmT 1 Round - Fast (R.B.),0.0,
SUPER LOVE,,,,,,,,,,,,,,,,0.0,K118,,,1.0,,7.0,27.0,23.0,25/09/2026,Trotting,SmT 1 Round - Fast (R.B.),0.0,
SUPER UNICORN,62.0,0.0,0.2222222222222222,Happy Valley,0.0,0.1818181818181818,TURF,GOOD,5.0,0.0,2026-07-15,4.0,62.0,CP,0.2222222222222222,0.0,H481,8.333333333333334,0.1666666666666666,1.0,['CP'],6.0,28.0,29.0,14/09/2026,Trotting,SmT 2 Round - Rev Fast (R.B.),0.0,
SUPERB GUY,,0.0,0.0,Neutral,0.0,0.0,Neutral,GOOD TO YIELDING,6.0,0.0,2026-07-01,4.0,32.0,B/XB,0.0,1.0,K323,8.083333333333334,0.0,1.0,[],6.0,28.0,28.0,12/09/2026,Trotting,SmT 1 Round - Fast (R.B.),0.0,
SUPERB KID,,0.0,0.0,Neutral,0.0,0.0,Neutral,Unknown,7.75,0.0,2026-07-08,4.0,54.0,CP,0.0,1.0,H298,11.416666666666666,0.0,1.0,[],7.0,28.0,2.0,12/09/2026,Trotting,SmT 1 Round - Fast (R.B.),0.0,
SUPERB KING,,0.0,0.0,Neutral,0.0,0.0,Neutral,GOOD,3.5,0.0,2026-07-08,4.0,58.0,CP/XB,0.0,0.0,K479,2.1666666666666665,0.0,1.0,[],,,,,,,,
SUPREME VOYAGER,,0.0,0.0,Neutral,0.0,0.0,Neutral,GOOD TO FIRM,8.5,0.0,2026-07-01,4.0,47.0,B/TT,0.0,0.0,L043,8.25,0.0,1.0,[],4.0,27.0,24.0,25/09/2026,Trotting,SmT 1 Round - Fast (R.B.),0.0,
SUPREME WINNER,17.0,0.0909090909090909,0.0,Sha Tin,0.0,0.0909090909090909,TURF,GOOD,6.25,0.0,2026-07-04,4.0,28.0,CP/SR/TT,0.3333333333333333,0.0,J255,6.833333333333333,0.1666666666666666,1.0,['CP/SR/TT'],5.0,25.0,14.0,12/09/2026,Trotting,SmT 1 Round - Fast (R.B.),0.0,
SWAGGER BRO,,0.0,0.0,Neutral,0.0,0.0,Neutral,GOOD TO FIRM,5.0,0.0,2026-07-01,4.0,41.0,,0.0,1.0,K089,7.727272727272727,0.0,1.0,[],5.0,24.0,25.0,25/09/2026,Gallop,29.6 (29.6) (M Chadwick),0.0,
SWEET BRIAR,,0.0,0.0,Neutral,0.0,0.0,Neutral,Unknown,10.5,0.0,2026-04-29,4.0,44.0,B/TT,0.0,0.0,H044,6.916666666666667,0.0,1.0,[],7.0,25.0,29.0,14/09/2026,Trotting,SmT 2 Round - Rev Fast (R.B.),0.0,
TACTICAL COMMAND,,0.0,0.0,Neutral,0.0,0.0,Neutral,GOOD,8.0,0.0,2026-07-01,4.0,46.0,B,0.0,0.0,H197,9.666666666666666,0.0,1.0,[],6.0,17.0,28.0,14/09/2026,Trotting,SmT 1 Round - Rev Fast (R.B.),0.0,
TANG HEART,,0.0,0.0,Neutral,0.0,0.0,Neutral,GOOD TO YIELDING,4.0,0.0,2026-07-04,4.0,64.0,TT,0.0,0.0,L373,7.333333333333333,0.0,1.0,[],,,,,,,,
TEAM HAPPY,24.0,0.0,0.25,Happy Valley,0.0,0.0909090909090909,TURF,GOOD,3.0,0.25,2026-09-09,4.0,24.0,B,0.1666666666666666,0.0,J218,5.916666666666667,0.25,1.0,['B'],,,,,,,,
TELECOM POWER,,0.0,0.0,Neutral,0.0,0.0,Neutral,GOOD,3.5,0.0,2026-09-09,4.0,30.0,V,0.0,0.0,J332,6.916666666666667,0.0,1.0,[],,,,,,,,
TEN LOVES,,0.0,0.0,Neutral,0.0,0.0,Neutral,Unknown,10.666666666666666,0.0,2026-07-12,4.0,63.0,,0.0,0.0,L371,12.666666666666666,0.0,1.0,[],6.0,25.0,27.0,12/09/2026,Trotting,SmT 1 Round - Fast (R.B.),0.0,
THE ALL ROUNDER,,0.0,0.0,Neutral,0.0,0.0,Neutral,GOOD TO FIRM,5.25,0.0,2026-06-13,4.0,37.0,PC,0.0,0.0,K402,8.333333333333334,0.0,1.0,[],7.0,28.0,29.0,12/09/2026,Trotting,SmT 1 Round - Fast (R.B.),0.0,
THE AZURE,47.0,0.0,0.0833333333333333,Happy Valley,0.0,0.0833333333333333,TURF,GOOD TO FIRM,5.0,0.25,2026-09-09,4.0,52.0,CP,0.0833333333333333,0.0,J227,9.416666666666666,0.0,1.0,['CP1'],,,,,,,,
THE BOOM BOX,75.0,0.0,0.25,Happy Valley,0.0,0.0833333333333333,TURF,GOOD TO FIRM,7.5,0.0,2026-06-21,4.0,70.0,CP,0.0,0.0,K076,9.916666666666666,0.0,1.0,[],3.0,23.0,27.0,25/09/2026,Trotting,SmT 1 Round - Fast (R.B.),0.0,
THE CONCENTRATION,33.0,0.1666666666666666,0.0,Sha Tin,0.0,0.1666666666666666,TURF,GOOD,8.5,0.0,2026-06-27,4.0,41.0,B,0.0,0.0,H465,6.333333333333333,0.25,1.0,['B'],7.0,28.0,28.0,12/09/2026,Trotting,SmT 1 Round - Fast (R.B.),0.0,
THE LION KING,,0.0,0.0,Neutral,0.0,0.0,Neutral,GOOD TO FIRM,7.25,0.0,2026-07-08,4.0,45.0,B,0.0,1.0,K265,4.583333333333333,0.0,1.0,[],,,,,,,,
THE PERFECT MATCH,48.0,0.0,0.0833333333333333,Happy Valley,0.0,0.0833333333333333,TURF,GOOD,3.25,0.25,2026-07-08,4.0,48.0,TT,0.0833333333333333,0.0,J253,7.333333333333333,0.1111111111111111,1.0,['TT'],,,,,,,,
THE RED HARE,,,,,,,,,,,,,,,,0.0,K312,,,1.0,,4.0,27.0,24.0,25/09/2026,Trotting,SmT 1 Round - Fast (R.B.),0.0,
THOUSAND CUPS,,0.0,0.0,Neutral,0.0,0.0,Neutral,GOOD,8.0,0.0,2026-07-08,4.0,34.0,TT,0.0,1.0,J482,2.1666666666666665,0.0,1.0,[],,,,,,,,
THUNDER BLAZE,,,,,,,,,,,,,,,,1.0,L188,,,1.0,,2.0,24.0,28.0,25/09/2026,Trotting,SmT 1 Round - Fast (R.B.),0.0,
THUNDER KIT,64.0,0.125,0.0,Sha Tin,0.0,0.1111111111111111,TURF,GOOD,4.5,0.25,2026-07-15,4.0,70.0,H,0.1666666666666666,0.0,L121,9.11111111111111,0.25,1.0,['H'],7.0,23.0,28.0,12/09/2026,Trotting,SmT 1 Round - Fast (R.B.),0.0,
THUNDER PRINCE,44.0,0.0,0.1428571428571428,Happy Valley,0.0,0.0909090909090909,TURF,GOOD TO FIRM,7.75,0.0,2026-09-06,4.0,48.0,B1,0.0,0.0,K017,6.083333333333333,0.0,1.0,['CP-'],4.0,21.0,20.0,25/09/2026,Trotting,SmT 1 Round - Fast (R.B.),0.0,
TOP TO SKY,37.0,0.25,0.0,Sha Tin,0.0,0.1818181818181818,TURF,GOOD TO FIRM,4.75,0.5,2026-07-01,4.0,37.0,B/TT,0.5,0.0,K339,4.75,1.0,1.0,['B/TT'],4.0,28.0,27.0,12/09/2026,Trotting,SmT 1 Round - Fast (R.B.),0.0,
TOPSPIN KING,,0.0,0.0,Neutral,0.0,0.0,Neutral,Unknown,10.5,0.0,2026-06-13,4.0,46.0,XB,0.0,0.0,L141,6.6,0.0,1.0,[],7.0,24.0,21.0,14/09/2026,Gallop,30.5 26.1 (56.6) (R.B.),0.0,
TRUE BROTHERS,,0.0,0.0,Neutral,0.0,0.0,Neutral,Unknown,11.0,0.0,2026-07-15,4.0,64.0,B1,0.0,0.0,L381,2.6666666666666665,0.0,1.0,[],6.0,30.0,23.0,14/09/2026,Trotting,SmT 2 Round - Rev Fast (R.B.),0.0,
TURBO JEFFERIES,,0.0,0.0,Neutral,0.0,0.0,Neutral,Unknown,8.0,0.0,2026-06-27,4.0,46.0,CP,0.0,1.0,L328,9.6,0.0,1.0,[],,,,,,,,
TURF PHOENIX,,0.0,0.0,Neutral,0.0,0.0,Neutral,GOOD TO FIRM,8.5,0.0,2026-05-17,4.0,29.0,TT,0.0,0.0,J294,6.166666666666667,0.0,1.0,[],3.0,27.0,25.0,25/09/2026,Trotting,SmT 1 Round - Fast (R.B.),0.0,
TURIN CHAMPIONS,,,,,,,,,,,,,,,,0.0,L024,,,1.0,,5.0,21.0,27.0,24/09/2026,Swimming,nan,0.0,
TURQUOISE VELOCITY,,,,,,,,,,,,,,,,0.0,K533,,,1.0,,7.0,21.0,28.0,25/09/2026,Trotting,SmT 1 Round - Fast (R.B.),0.0,
TYCOON RESOURCES,65.0,0.0,1.0,Happy Valley,0.0,0.75,TURF,GOOD,3.75,0.75,2026-07-01,4.0,74.0,TT,0.5,1.0,L234,4.0,0.6666666666666666,1.0,"['TT', 'TT1']",,,,,,,,
ULTRA BOLT,,,,,,,,,,,,,,,,0.0,L387,,,1.0,,5.0,29.0,27.0,25/09/2026,Trotting,SmT 1 Round - Fast (R.B.),0.0,
VERBIER,29.0,0.1111111111111111,0.3333333333333333,Happy Valley,0.0,0.2,TURF,GOOD TO YIELDING,4.5,0.25,2026-09-06,4.0,38.0,,0.3333333333333333,1.0,J187,3.6666666666666665,0.0,1.0,['B/TT'],3.0,25.0,18.0,12/09/2026,Trotting,SmT 2 Round - Fast (E C W Wong),0.0,
VERY GRATEFUL,,0.0,0.0,Neutral,0.0,0.0,Neutral,Unknown,6.75,0.0,2026-07-15,4.0,54.0,V/TT,0.0,1.0,K396,8.3,0.0,1.0,[],5.0,25.0,27.0,14/09/2026,Trotting,SmT 1 Round - Rev Fast (R.B.),0.0,
VICTOR SUPREME,49.0,0.125,0.0,Sha Tin,0.0,0.125,TURF,GOOD TO YIELDING,3.0,0.25,2026-07-04,4.0,49.0,V,1.0,0.0,K547,10.875,0.3333333333333333,1.0,['V'],7.0,30.0,29.0,12/09/2026,Trotting,SmT 1 Round - Fast (R.B.),0.0,
VICTOR THE RAPID,54.0,0.0,0.1,Happy Valley,0.0,0.0833333333333333,TURF,GOOD TO FIRM,9.25,0.0,2026-07-08,4.0,55.0,CP-/B2/TT,0.1,1.0,J393,7.5,0.0,1.0,['B/TT'],3.0,28.0,29.0,14/09/2026,Trotting,SmT 1 Round - Rev Fast (R.B.),0.0,
VICTOR THE WINNER,,,,,,,,,,,,,,,,0.0,G404,,,1.0,,4.0,27.0,28.0,25/09/2026,Trotting,SmT 1 Round - Fast (R.B.),0.0,
VIEW ALL THINGS,37.0,0.0909090909090909,0.0,Sha Tin,0.0,0.1111111111111111,TURF,GOOD,9.5,0.0,2026-06-27,4.0,43.0,XB/TT,0.25,0.0,K101,7.5,0.125,1.0,['XB/TT'],5.0,29.0,28.0,12/09/2026,Trotting,SmT 1 Round - Fast (R.B.),0.0,
VIGOR ELLEEGANT,40.0,0.0,0.1111111111111111,Happy Valley,0.0,0.0833333333333333,TURF,GOOD,6.0,0.0,2026-07-04,4.0,38.0,TT,0.1,0.0,J375,6.75,0.1666666666666666,1.0,['TT'],5.0,30.0,22.0,25/09/2026,Trotting,SmT 1 Round - Fast (R.B.),0.0,
VIOLET STAR,62.0,0.0,0.2,Happy Valley,0.0,0.125,TURF,GOOD,4.75,0.25,2026-06-24,4.0,68.0,SR/TT,0.25,0.0,L149,7.0,0.1666666666666666,1.0,['SR/TT'],4.0,22.0,27.0,25/09/2026,Trotting,SmT 1 Round - Fast (R.B.),0.0,
VIVA GRACIOUSNESS,61.0,0.0,0.1818181818181818,Happy Valley,0.0,0.1666666666666666,TURF,GOOD TO FIRM,8.0,0.0,2026-04-29,4.0,64.0,TT,0.1818181818181818,0.0,J079,5.583333333333333,0.1666666666666666,1.0,['TT'],6.0,30.0,30.0,14/09/2026,Trotting,SmT 2 Round - Rev Fast (R.B.),0.0,
VIVA PROSPERAR,,0.0,0.0,Neutral,0.0,0.0,Neutral,Unknown,7.0,0.0,,4.0,,,0.0,0.0,L374,6.0,0.0,1.0,[],6.0,30.0,11.0,12/09/2026,Trotting,SmT 1 Round - Fast (R.B.),0.0,
VON BAER,,0.0,0.0,Neutral,0.0,0.0,Neutral,GOOD TO FIRM,7.0,0.0,2026-06-27,4.0,31.0,B-/V1/TT,0.0,1.0,K198,7.5,0.0,1.0,[],4.0,25.0,25.0,25/09/2026,Trotting,SmT 1 Round - Fast (R.B.),0.0,
VULCANUS,,,,,,,,,,,,,,,,0.0,J150,,,1.0,,6.0,27.0,15.0,25/09/2026,Trotting,SmT 2 Round - Fast (R.B.),0.0,
WARRIORS DREAM,47.0,0.125,0.0,Sha Tin,0.0,0.0833333333333333,TURF,GOOD TO YIELDING,5.25,0.0,2026-07-08,4.0,50.0,CP/XB/TT,0.1,0.0,K255,6.333333333333333,0.0,1.0,['H-/XB/TT2'],,,,,,,,
WATCH LEGEND,,,,,,,,,,,,,,,,0.0,L313,,,1.0,,4.0,29.0,21.0,25/09/2026,Trotting,SmT 2 Round - Fast (R.B.),0.0,
WAVE GARDEN,,,,,,,,,,,,,,,,1.0,K209,,,1.0,,5.0,23.0,23.0,25/09/2026,Gallop,23.4 (23.4) (R.B.),0.0,
WELL ENOUGH,,0.0,0.0,Neutral,0.0,0.0,Neutral,Unknown,11.5,0.0,2026-06-07,4.0,64.0,TT,0.0,0.0,L029,12.0,0.0,1.0,[],6.0,27.0,24.0,12/09/2026,Trotting,SmT 1 Round - Fast (R.B.),0.0,
WINDLORD,,0.0,0.0,Neutral,0.0,0.0,Neutral,Unknown,9.75,0.0,2026-06-27,4.0,70.0,H/TT,0.0,0.0,L184,6.333333333333333,0.0,1.0,[],,,,,,,,
WINNING DIAMOND,,0.0,0.0,Neutral,0.0,0.0,Neutral,Unknown,8.5,0.0,2026-09-09,4.0,28.0,E-,0.0,1.0,K216,9.083333333333334,0.0,1.0,[],,,,,,,,
WINNING GOLD,,0.0,0.0,Neutral,0.0,0.0,Neutral,GOOD,6.0,0.0,2026-07-12,4.0,68.0,TT,0.0,0.0,H461,8.5,0.0,1.0,[],5.0,21.0,25.0,25/09/2026,Trotting,SmT 1 Round - Fast (R.B.),0.0,
WINNING MONEY,49.0,0.0,0.0909090909090909,Happy Valley,0.0,0.0833333333333333,TURF,GOOD,4.25,0.0,2026-07-15,4.0,55.0,B/XB,0.1111111111111111,0.0,J116,3.1666666666666665,0.0,1.0,['H/XB'],8.0,27.0,29.0,14/09/2026,Gallop,31.6 26.0 (57.6) (R.B.),0.0,
WINNING NOW,,0.0,0.0,Neutral,0.0,0.0,Neutral,GOOD TO YIELDING,6.0,0.0,2026-06-24,4.0,41.0,B,0.0,0.0,K532,2.2,0.0,1.0,[],7.0,30.0,29.0,12/09/2026,Trotting,SmT 1 Round - Fast (R.B.),0.0,
WITHOUT RHYME,,0.0,0.0,Neutral,0.0,0.0,Neutral,Unknown,13.333333333333334,0.0,2026-07-04,4.0,62.0,CP/TT,0.0,0.0,L077,9.333333333333334,0.0,1.0,[],6.0,30.0,30.0,12/09/2026,Trotting,SmT 1 Round - Fast (R.B.),0.0,
WORD OF KINDNESS,,,,,,,,,,,,,,,,0.0,K569,,,1.0,,7.0,31.0,29.0,25/09/2026,Trotting,SmT 1 Round - Fast (R.B.),0.0,
WORLD HERO,48.0,0.0,0.2857142857142857,Happy Valley,0.0,0.1818181818181818,TURF,GOOD TO FIRM,5.5,0.25,2026-06-24,4.0,55.0,B,0.25,0.0,J413,3.5,0.0,1.0,[],6.0,24.0,28.0,12/09/2026,Trotting,SmT 1 Round - Fast (R.B.),0.0,
WROTE A NEW PAGE,65.0,0.0,0.375,Happy Valley,0.0,0.25,TURF,GOOD,7.25,0.0,2026-04-15,4.0,73.0,TT,0.75,0.0,K226,5.083333333333333,0.3,1.0,['TT'],5.0,26.0,1.0,14/09/2026,Trotting,SmT 1 Round - Rev Fast (R.B.),0.0,
YOUNG ARROW,,0.0,0.0,Neutral,0.0,0.0,Neutral,GOOD,3.5,0.0,2026-07-08,4.0,58.0,CP,0.0,0.0,J401,7.333333333333333,0.0,1.0,[],5.0,22.0,29.0,14/09/2026,Trotting,SmT 1 Round - Rev Fast (R.B.),0.0,
YOUNG CHAMPION,,,,,,,,,,,,,,,,1.0,J195,,,1.0,,8.0,30.0,28.0,25/09/2026,Trotting,SmT 1 Round - Fast (R.B.),0.0,
YOUNG FIGHTER,,0.0,0.0,Neutral,0.0,0.0,Neutral,Unknown,7.5,0.0,2026-01-11,4.0,45.0,PC/TT,0.0,1.0,K464,6.666666666666667,0.0,1.0,[],6.0,29.0,20.0,12/09/2026,Trotting,SmT 2 Round - Fast (R.B.),0.0,
ZETA HEDGE,,0.0,0.0,Neutral,0.0,0.0,Neutral,GOOD,11.0,0.0,2026-05-06,4.0,46.0,P/TT,0.0,1.0,K295,2.5,0.0,1.0,[],,,,,,,,
ZOUPER FELLOW,,,,,,,,,,,,,,,,0.0,K284,,,1.0,,5.0,26.0,28.0,24/09/2026,Swimming,nan,0.0,
,40.0,0.0555555555555555,0.0,Sha Tin,0.0,0.04,Turf,GOOD,10.0,0.0,2005-03-06,4.0,44.0,B,0.25,0.0,,,,,,,,,,,,,
