date,group,distance,track,position,total_runners,jockey,splits,total_time,horse_name,race_no
19/09,7,1200,HAPPY VALLEY TURF,2,9,J ORMAN,26.3 23.9 22.9,1.13.15,FALCON HUNTER,1
26/08,4,1050,SHA TIN AWT,4,5,Z PURTON,16.1 22.4 24.2,1.02.77,FALCON HUNTER,1
18/09,10,1200,CONGHUA TURF,5,9,C L CHAU,24.4 22.4 23.8,1.10.61,FLASH STAR,1
22/09,4,1200,SHA TIN AWT,4,9,C Y HO,24.2 23.0 23.8,1.11.05,POWER PATCH,1
21/09,10,1200,CONGHUA TURF,1,9,M L YEUNG,24.8 22.9 22.9,1.10.60,GOOD FORTUNE,1
21/09,3,1000,CONGHUA TURF,1,9,M L YEUNG,13.6 21.4 23.3,0.58.39,NOBLE FANS,1
22/09,5,1200,SHA TIN AWT,5,9,M F POON,25.0 23.1 23.7,1.11.86,CIRRUS SPEED,1
19/09,7,1200,HAPPY VALLEY TURF,6,9,M F POON,26.3 23.9 22.9,1.13.15,CIRRUS SPEED,1
30/08,6,1000,SHA TIN TURF,6,12,M F POON,13.8 21.6 22.5,0.57.91,CIRRUS SPEED,1
19/09,7,1200,HAPPY VALLEY TURF,8,9,B AVDULLA,26.3 23.9 22.9,1.13.15,GROOVY FEELING,1
18/09,9,1200,CONGHUA TURF,1,10,B AVDULLA,24.9 23.0 23.0,1.10.98,VIVA CHALEUR,1
18/09,3,1000,CONGHUA TURF,3,10,A ATZENI,13.8 21.8 22.7,0.58.31,QUICK MONEY,1
17/09,3,1200,SHA TIN AWT,4,8,A ATZENI,24.3 23.0 23.7,1.11.04,GENERAL SMART,2
22/09,5,1200,SHA TIN AWT,2,9,C Y HO,25.0 23.1 23.7,1.11.86,I EXCELLE,2
19/09,7,1200,HAPPY VALLEY TURF,1,9,M CHADWICK,26.3 23.9 22.9,1.13.15,HAPPY BUDDIES,2
22/09,1,1200,SHA TIN AWT,7,8,B AVDULLA,25.3 23.6 23.0,1.11.95,RAGING BLIZZARD,3
08/09,1,1200,SHA TIN AWT,8,8,B AVDULLA,25.0 23.3 22.7,1.11.01,RAGING BLIZZARD,3
18/09,1,1000,CONGHUA TURF,1,10,A ATZENI,13.1 21.3 23.2,0.57.66,CRIMSON FLASH,3
30/08,1,1000,SHA TIN TURF,4,11,A ATZENI,13.5 20.8 22.4,0.56.73,CRIMSON FLASH,3
25/08,5,1050,SHA TIN AWT,1,3,C L CHAU,17.1 23.0 23.1,1.03.21,BEAUTY WAVES,3
17/09,4,1050,SHA TIN AWT,3,6,Z PURTON,16.4 21.7 22.6,1.00.78,COLOURFUL KING,3
30/08,2,1000,SHA TIN TURF,2,12,A ATZENI,13.9 20.9 22.8,0.57.63,COLOURFUL KING,3
17/09,1,1200,SHA TIN AWT,2,8,A BADEL,24.1 22.6 23.2,1.09.95,BOTTOMUPTOGETHER,3
21/09,1,1000,CONGHUA TURF,1,9,M L YEUNG,13.3 21.2 22.7,0.57.20,JOHANNES BRAHMS,3
10/09,6,1050,CONGHUA AWT,1,5,M L YEUNG,16.2 21.5 23.3,1.01.04,JOHANNES BRAHMS,3
31/08,1,1000,CONGHUA TURF,6,10,R KINGSCOTE,13.5 21.4 22.7,0.57.67,JOHANNES BRAHMS,3
22/09,3,1200,SHA TIN AWT,6,9,C L CHAU,25.1 23.0 23.2,1.11.30,CHILL PARTNERS,4
04/09,8,1200,CONGHUA TURF,5,10,M L YEUNG,25.3 23.1 22.9,1.11.33,CHILL PARTNERS,4
19/09,1,1700,HAPPY VALLEY TURF,5,7,K C LEUNG,35.2 23.9 25.0 23.7,1.47.80,JOY TOGETHER,4
19/09,2,1700,HAPPY VALLEY TURF,8,8,K C LEUNG,34.4 24.7 25.4 23.7,1.48.29,NOBLE PATCH,4
18/09,8,1200,CONGHUA TURF,3,10,H Y YUEN,24.2 23.0 23.6,1.10.89,PRESTIGE COME,4
08/09,6,1200,SHA TIN AWT,4,9,R KINGSCOTE,24.1 22.6 23.6,1.10.32,PRESTIGE COME,4
19/09,5,1200,HAPPY VALLEY TURF,9,9,L HEWITSON,25.4 23.7 23.3,1.12.48,SILVERY KNIGHT,4
08/09,6,1200,SHA TIN AWT,9,9,C L CHAU,24.1 22.6 23.6,1.10.32,SILVERY KNIGHT,4
19/09,2,1700,HAPPY VALLEY TURF,7,8,R KINGSCOTE,34.4 24.7 25.4 23.7,1.48.29,PRESIDENT PEGASUS,4
25/08,3,1200,CONGHUA TURF,4,10,S H WANG,25.7 22.9 23.5,1.12.14,PRESIDENT PEGASUS,4
08/09,7,1200,SHA TIN AWT,4,10,H Y YUEN,25.0 22.8 22.9,1.10.74,VOYAGE BOSS,4
22/09,5,1200,SHA TIN AWT,8,9,A ATZENI,25.0 23.1 23.7,1.11.86,ALABAMA SONG,4
19/09,8,1000,HAPPY VALLEY TURF,1,7,B AVDULLA,13.1 22.0 22.5,0.57.66,JEDI SPURS,5
07/09,5,800,CONGHUA TURF,1,10,B AVDULLA,23.4 21.5,0.44.99,JEDI SPURS,5
17/09,2,1200,SHA TIN AWT,4,10,J ORMAN,24.1 21.9 22.9,1.08.94,YEE CHEONG GLORY,5
07/09,3,1000,CONGHUA TURF,3,10,J ORMAN,13.4 21.0 22.8,0.57.25,YEE CHEONG GLORY,5
18/09,2,1000,CONGHUA TURF,1,10,A ATZENI,13.6 21.7 22.9,0.58.28,KA YING LIGHTNING,5
07/09,5,800,CONGHUA TURF,3,10,P N WONG,23.4 21.5,0.44.99,KA YING LIGHTNING,5
18/09,8,1200,CONGHUA TURF,7,10,B AVDULLA,24.2 23.0 23.6,1.10.89,CELESTIAL ZOUS,5
04/09,3,1000,CONGHUA TURF,5,10,B AVDULLA,13.6 21.4 23.0,0.58.00,CELESTIAL ZOUS,5
22/06,4,1000,CONGHUA TURF,6,6,M KELLADY,13.8 22.1 22.4,0.58.35,CELESTIAL ZOUS,5
08/06,4,800,CONGHUA TURF,2,5,B AVDULLA,24.6 22.5,0.47.16,CELESTIAL ZOUS,5
15/09,2,1200,SHA TIN AWT,8,8,C Y HO,24.3 22.8 23.0,1.10.19,HOWEVER,5
02/07,3,1050,CONGHUA AWT,5,5,K H CHAN,16.0 21.8 24.1,1.01.94,HOWEVER,5
22/06,3,1000,CONGHUA TURF,9,9,J MOREIRA,13.2 21.5 23.2,0.57.97,HOWEVER,5
12/06,2,1000,CONGHUA TURF,7,8,E C W WONG,13.2 21.5 23.2,0.57.94,HOWEVER,5
13/04,5,800,CONGHUA TURF,1,5,E C W WONG,23.9 23.0,0.46.93,HOWEVER,5
30/03,1,800,CONGHUA TURF,4,5,E C W WONG,23.3 22.1,0.45.48,HOWEVER,5
21/09,10,1200,CONGHUA TURF,2,9,K TEETAN,24.8 22.9 22.9,1.10.60,SUPREME DATA,5
11/09,3,1200,SHA TIN AWT,6,9,C Y HO,23.8 22.4 23.6,1.09.80,SUPREME DATA,5
24/02,6,800,SHA TIN TURF,9,9,M F POON,24.5 22.1,0.46.60,SUPREME DATA,5
22/09,6,1050,SHA TIN AWT,3,4,B AVDULLA,16.1 22.2 23.8,1.02.16,TALENTS CHAMPION,5
04/09,4,1000,CONGHUA TURF,10,10,B AVDULLA,13.5 21.1 22.8,0.57.48,TALENTS CHAMPION,5
21/09,2,1000,CONGHUA TURF,5,9,K C LEUNG,13.9 21.7 22.4,0.58.09,CLASSIC TRIPLE,5
07/09,3,1000,CONGHUA TURF,4,10,K C LEUNG,13.4 21.0 22.8,0.57.25,CLASSIC TRIPLE,5
26/06,7,1200,CONGHUA TURF,7,7,R THOMAS,24.8 23.1 23.6,1.11.58,CLASSIC TRIPLE,5
08/06,3,1000,CONGHUA TURF,2,7,A BADEL,13.6 22.4 23.1,0.59.17,CLASSIC TRIPLE,5
07/09,4,1000,CONGHUA TURF,5,10,M F POON,13.8 21.8 22.3,0.57.92,HEROIC VANGUARD,5
18/09,7,1200,CONGHUA TURF,4,10,M L YEUNG,25.1 23.0 22.9,1.11.04,CHAMP'S DOMAIN,5
31/08,2,1000,CONGHUA TURF,9,10,M L YEUNG,13.4 21.1 23.0,0.57.54,CHAMP'S DOMAIN,5
02/07,2,1050,CONGHUA AWT,4,5,C M THABANA,16.3 21.6 23.4,1.01.39,CHAMP'S DOMAIN,5
17/09,2,1200,SHA TIN AWT,10,10,R KINGSCOTE,24.1 21.9 22.9,1.08.94,DRAGON ON SNOW,6
04/09,8,1200,CONGHUA TURF,7,10,B AVDULLA,25.3 23.1 22.9,1.11.33,DRAGON ON SNOW,6
04/06,2,1200,CONGHUA AWT,4,5,S MUTAZA,25.1 21.9 23.2,1.10.26,DRAGON ON SNOW,6
31/08,8,1200,CONGHUA TURF,1,10,K C LEUNG,25.6 22.7 23.8,1.12.12,SUPER GOLDENDRAGON,6
19/09,2,1700,HAPPY VALLEY TURF,3,8,L FERRARIS,34.4 24.7 25.4 23.7,1.48.29,SUPREME MASTERMIND,6
03/09,3,1200,SHA TIN AWT,6,10,L FERRARIS,24.7 23.6 23.1,1.11.40,SUPREME MASTERMIND,6
21/08,3,1200,SHA TIN AWT,6,10,J ORMAN,24.5 23.2 24.8,1.12.58,SUPREME MASTERMIND,6
07/09,10,1200,CONGHUA TURF,3,10,M CHADWICK,24.3 22.6 23.3,1.10.27,FAST SPEED,6
19/09,2,1700,HAPPY VALLEY TURF,6,8,C Y HO,34.4 24.7 25.4 23.7,1.48.29,MASSIVE GLORY,6
03/09,5,1200,SHA TIN AWT,9,10,A ATZENI,24.4 22.8 22.8,1.10.08,MASSIVE GLORY,6
18/09,4,1600,CONGHUA TURF,9,10,H Y YUEN,25.7 24.1 24.2 23.5,1.37.55,ON THE LASH,6
07/09,7,1600,CONGHUA TURF,2,10,H Y YUEN,25.6 24.9 24.7 23.0,1.38.21,ON THE LASH,6
20/08,3,1200,CONGHUA AWT,5,5,E C W WONG,25.1 22.4 23.4,1.10.96,ON THE LASH,6
21/09,9,1200,CONGHUA TURF,2,8,H T MO,24.9 22.9 23.4,1.11.28,CIRCUIT CENTURY,6
07/09,3,1000,CONGHUA TURF,6,10,H Y YUEN,13.4 21.0 22.8,0.57.25,EVER WEALTH,7
19/09,7,1200,HAPPY VALLEY TURF,5,9,M L YEUNG,26.3 23.9 22.9,1.13.15,CAVAMAZING,7
15/09,4,1200,SHA TIN AWT,3,7,L HEWITSON,24.7 22.7 23.3,1.10.79,MY WYNDFALL,7
04/09,4,1000,CONGHUA TURF,6,10,A BADEL,13.5 21.1 22.8,0.57.48,MY WYNDFALL,7
02/09,2,1200,SHA TIN AWT,7,8,C Y HO,24.5 22.8 23.6,1.10.91,HIGH RISE VICTORY,7
21/08,3,1200,SHA TIN AWT,10,10,K TEETAN,24.5 23.2 24.8,1.12.58,HIGH RISE VICTORY,7
19/09,6,1200,HAPPY VALLEY TURF,2,9,M F POON,24.5 23.3 23.6,1.11.48,KA YING RADIANCE,7
08/09,7,1200,SHA TIN AWT,1,10,M F POON,25.0 22.8 22.9,1.10.74,KA YING RADIANCE,7
24/08,3,1000,CONGHUA TURF,7,10,M F POON,13.4 21.5 22.7,0.57.69,KA YING RADIANCE,7
11/09,3,1200,SHA TIN AWT,3,9,Z PURTON,23.8 22.4 23.6,1.09.80,ALMIGHTY WARRIOR,8
28/08,2,1200,SHA TIN AWT,9,10,Z PURTON,24.1 22.8 24.4,1.11.33,ALMIGHTY WARRIOR,8
17/09,3,1200,SHA TIN AWT,2,8,H Y YUEN,24.3 23.0 23.7,1.11.04,HEALTHY HEALTHY,8
08/09,3,1200,SHA TIN AWT,3,8,H Y YUEN,24.2 22.9 23.7,1.10.83,HEALTHY HEALTHY,8
19/09,6,1200,HAPPY VALLEY TURF,3,9,J ORMAN,24.5 23.3 23.6,1.11.48,PRIVATE WEALTH,8
08/09,5,1200,SHA TIN AWT,4,8,J ORMAN,24.0 22.0 23.5,1.09.53,PRIVATE WEALTH,8
17/09,3,1200,SHA TIN AWT,5,8,L FERRARIS,24.3 23.0 23.7,1.11.04,GOLDEN TRIUMPH,8
03/09,4,1200,SHA TIN AWT,2,10,A ATZENI,25.1 23.1 22.9,1.11.17,GOLDEN TRIUMPH,8
25/12,2,1200,CONGHUA AWT,1,5,S MUTAZA,27.2 24.2 23.4,1.14.83,GOLDEN TRIUMPH,8
18/09,10,1200,CONGHUA TURF,2,9,M CHADWICK,24.4 22.4 23.8,1.10.61,LUCKY BID,8
07/09,4,1000,CONGHUA TURF,7,10,M CHADWICK,13.8 21.8 22.3,0.57.92,LUCKY BID,8
18/09,8,1200,CONGHUA TURF,1,10,A ATZENI,24.2 23.0 23.6,1.10.89,SPEEDY POWER,8
04/09,4,1000,CONGHUA TURF,3,10,A ATZENI,13.5 21.1 22.8,0.57.48,SPEEDY POWER,8
18/09,3,1000,CONGHUA TURF,1,10,C Y HO,13.8 21.8 22.7,0.58.31,TYCOON EXPRESS,8
07/09,6,800,CONGHUA TURF,5,9,E C W WONG,24.4 21.6,0.46.03,TYCOON EXPRESS,8
19/09,9,1000,HAPPY VALLEY TURF,2,7,R KINGSCOTE,13.4 22.0 22.8,0.58.21,CASA PRIMO,8
31/08,3,1000,CONGHUA TURF,3,10,R KINGSCOTE,13.7 21.4 22.7,0.57.82,CASA PRIMO,8
21/09,7,1200,CONGHUA TURF,4,9,J ORMAN,24.7 22.9 22.9,1.10.56,SKY JEWELLERY,9
10/09,1,1200,CONGHUA AWT,5,5,M L YEUNG,24.0 21.5 23.5,1.09.03,SKY JEWELLERY,9
17/09,1,1200,SHA TIN AWT,3,8,C Y HO,24.1 22.6 23.2,1.09.95,HOT DELIGHT,9
03/09,3,1200,SHA TIN AWT,4,10,C Y HO,24.7 23.6 23.1,1.11.40,HOT DELIGHT,9
18/09,5,1200,CONGHUA TURF,1,10,C L CHAU,24.8 23.0 22.9,1.10.75,CHILL EASY,9
04/09,7,1200,CONGHUA TURF,10,10,S SHAFRIZAL,24.6 22.5 22.9,1.10.03,CHILL EASY,9
19/09,3,1200,HAPPY VALLEY TURF,1,8,Z PURTON,24.8 23.5 23.2,1.11.51,TOP DRAGON,9
01/09,2,1200,SHA TIN AWT,2,8,Z PURTON,24.3 23.1 23.9,1.11.34,TOP DRAGON,9
17/09,2,1200,SHA TIN AWT,3,10,Y L CHUNG,24.1 21.9 22.9,1.08.94,BEAUTY BOLT,9
31/08,6,1200,CONGHUA TURF,3,10,Y L CHUNG,23.6 22.5 24.1,1.10.22,BEAUTY BOLT,9
15/09,2,1200,SHA TIN AWT,5,8,C L CHAU,24.3 22.8 23.0,1.10.19,EMBLAZON,9
19/09,4,1200,HAPPY VALLEY TURF,3,8,Z PURTON,25.5 23.2 23.3,1.12.03,BRAVEFIELD,9
03/09,1,1200,SHA TIN AWT,8,9,Z PURTON,24.4 22.8 22.7,1.09.97,BRAVEFIELD,9
18/09,5,1200,CONGHUA TURF,2,10,K C LEUNG,24.8 23.0 22.9,1.10.75,REGAL GEM,9
21/09,7,1200,CONGHUA TURF,1,9,M CHADWICK,24.7 22.9 22.9,1.10.56,DROMBEG BANNER,9
19/09,5,1200,HAPPY VALLEY TURF,6,9,Z PURTON,25.4 23.7 23.3,1.12.48,JOYFIELD,10
03/09,3,1200,SHA TIN AWT,10,10,Z PURTON,24.7 23.6 23.1,1.11.40,JOYFIELD,10
18/09,5,1200,CONGHUA TURF,7,10,J ORMAN,24.8 23.0 22.9,1.10.75,SONIC LINER,10
04/09,2,1000,CONGHUA TURF,8,9,J ORMAN,13.4 21.4 22.4,0.57.25,SONIC LINER,10
21/09,7,1200,CONGHUA TURF,7,9,B AVDULLA,24.7 22.9 22.9,1.10.56,FORTUNE BOY,10
15/09,2,1200,SHA TIN AWT,3,8,Z PURTON,24.3 22.8 23.0,1.10.19,SUPERB SPIRIT,10
25/08,3,1200,SHA TIN AWT,5,10,Z PURTON,24.2 22.5 23.9,1.10.66,SUPERB SPIRIT,10
08/09,1,1200,SHA TIN AWT,7,8,C Y HO,25.0 23.3 22.7,1.11.01,PAPAYA BROSE,10
22/09,3,1200,SHA TIN AWT,2,9,L HEWITSON,25.1 23.0 23.2,1.11.30,SAMARKAND,10
18/09,7,1200,CONGHUA TURF,8,10,M F POON,25.1 23.0 22.9,1.11.04,LEATHER HERO,10
07/09,1,1000,CONGHUA TURF,6,10,M F POON,14.0 21.5 21.8,0.57.31,LEATHER HERO,10
24/08,5,800,CONGHUA TURF,8,9,M CHADWICK,24.3 22.1,0.46.44,LEATHER HERO,10
18/09,4,1600,CONGHUA TURF,4,10,M CHADWICK,25.7 24.1 24.2 23.5,1.37.55,NATURAL NUMBERS,10
04/09,6,1200,CONGHUA TURF,5,10,A BADEL,25.0 23.2 23.1,1.11.39,NATURAL NUMBERS,10
09/06,1,1200,SHA TIN AWT,8,8,M F POON,25.1 22.3 23.0,1.10.41,NATURAL NUMBERS,10
08/09,8,1050,SHA TIN AWT,5,8,C L CHAU,16.2 22.1 22.8,1.01.16,KING OF FIGHTERS,10
21/09,8,1200,CONGHUA TURF,2,9,C M THABANA,25.2 23.4 22.9,1.11.54,MASTER LUCKY,10
11/09,6,1050,SHA TIN AWT,1,7,K TEETAN,16.5 22.2 22.4,1.01.19,PI LEGEND,11
07/09,1,1000,CONGHUA TURF,4,10,J ORMAN,14.0 21.5 21.8,0.57.31,PERFECT GENERAL,11
08/09,3,1200,SHA TIN AWT,4,8,C L CHAU,24.2 22.9 23.7,1.10.83,EFFORTLESS WIN,11
19/09,6,1200,HAPPY VALLEY TURF,5,9,A ATZENI,24.5 23.3 23.6,1.11.48,RED SEA,11
08/09,8,1050,SHA TIN AWT,2,8,A ATZENI,16.2 22.1 22.8,1.01.16,RED SEA,11
31/08,6,1200,CONGHUA TURF,6,10,K C LEUNG,23.6 22.5 24.1,1.10.22,ABSOLUTE HEART,11
18/09,6,1200,CONGHUA TURF,1,10,Y L CHUNG,25.8 22.6 23.1,1.11.53,GLORYSPEED,11
07/09,2,1000,CONGHUA TURF,1,9,Y L CHUNG,13.8 21.4 22.2,0.57.48,GLORYSPEED,11
03/09,2,1200,SHA TIN AWT,7,10,H Y YUEN,24.5 22.2 22.9,1.09.61,LUCRATIVE EIGHT,11
08/09,5,1200,SHA TIN AWT,2,8,Z PURTON,24.0 22.0 23.5,1.09.53,MAJESTIC VALOUR,11
26/08,1,1200,SHA TIN AWT,3,9,Z PURTON,24.1 22.9 23.7,1.10.78,MAJESTIC VALOUR,11
11/09,1,1200,SHA TIN AWT,5,8,C Y HO,23.7 21.8 23.8,1.09.37,MR DESIRA,11
18/09,2,1000,CONGHUA TURF,4,10,M L YEUNG,13.6 21.7 22.9,0.58.28,MOUNT EVEREST,11
